pick_id,match_id,match_date,home_team,away_team,recorded_at,tier,market,side,line,odds,stake,prob_edge,ev,model_version,result,pnl_per_unit,settled_at
a9419c27e6669389,401853922,2026-05-29,Orlando Pride,Bay FC,2026-05-28T12:00:00Z,lean,total,over,2.5,1.77,10.0,0.077,0.058,20260527T160617Z,win,0.77,2026-07-29T15:08:25Z
1b4acd7c1799741c,401853922,2026-05-29,Orlando Pride,Bay FC,2026-05-28T12:00:00Z,lean,1x2,home,,1.85,10.0,0.086,0.042,20260527T160617Z,win,0.8500000000000001,2026-07-29T15:08:25Z
9be6a8278c3c3b5c,401853922,2026-05-29,Orlando Pride,Bay FC,2026-05-28T12:00:00Z,lean,1x2,away,,3.61,10.0,0.056,0.085,20260527T160617Z,loss,-1.0,2026-07-29T15:08:25Z
c8b1f3d7f92768df,401853923,2026-05-30,Portland Thorns FC,Utah Royals,2026-05-28T12:00:00Z,lean,total,over,2.5,1.91,10.0,0.061,0.041,20260527T160617Z,win,0.91,2026-07-29T15:08:25Z
efef45d71f05af09,401853923,2026-05-30,Portland Thorns FC,Utah Royals,2026-05-28T12:00:00Z,lean,1x2,home,,2.3,10.0,0.085,0.102,20260527T160617Z,loss,-1.0,2026-07-29T15:08:25Z
becfbf9a340ddfd6,401853924,2026-05-30,Washington Spirit,Seattle Reign FC,2026-05-28T12:00:00Z,lean,total,over,2.5,1.86,10.0,0.049,0.016,20260527T160617Z,win,0.8600000000000001,2026-07-29T15:08:25Z
00d4e0e06b693033,401854059,2026-05-30,Racing Louisville FC,Denver Summit FC,2026-05-28T12:00:00Z,lean,total,over,2.5,1.82,10.0,0.092,0.088,20260527T160617Z,loss,-1.0,2026-07-29T15:08:25Z
91d500f8ebbcea8a,401854059,2026-05-30,Racing Louisville FC,Denver Summit FC,2026-05-28T12:00:00Z,lean,1x2,home,,2.55,10.0,0.183,0.314,20260527T160617Z,loss,-1.0,2026-07-29T15:08:25Z
3babb100d4a57bc8,401853926,2026-05-31,Gotham FC,Houston Dash,2026-05-28T12:00:00Z,lean,total,over,2.5,1.79,10.0,0.08,0.073,20260527T160617Z,loss,-1.0,2026-07-29T15:08:25Z
ab4e2b5e13989979,401853927,2026-05-31,Angel City FC,North Carolina Courage,2026-05-28T12:00:00Z,lean,total,over,2.5,1.91,10.0,0.061,0.041,20260527T160617Z,win,0.91,2026-07-29T15:08:25Z
3bc2b1e4b45874e6,401853927,2026-05-31,Angel City FC,North Carolina Courage,2026-05-28T12:00:00Z,lean,1x2,home,,2.75,10.0,0.162,0.318,20260527T160617Z,loss,-1.0,2026-07-29T15:08:25Z
3fb83a4ee5a4a30e,401853926,2026-05-31,Gotham FC,Houston Dash,2026-05-29T15:54:02Z,lean,1x2,draw,,4.9,10.0,0.039,0.096,2025plus-20260528T180732Z,loss,-1.0,2026-07-29T15:08:25Z
bd86d38f6fea988d,401853924,2026-05-30,Washington Spirit,Seattle Reign FC,2026-05-30T16:19:52Z,lean,1x2,draw,,4.35,10.0,0.042,0.052,2025plus-20260528T180732Z,loss,-1.0,2026-07-29T15:08:25Z
33ae241dba393113,401853955,2026-07-30,Bay FC,Gotham FC,2026-07-29T15:08:25Z,lean,1x2,draw,,4.2,10.0,0.03,0.042,20260729T150819Z,loss,-1.0,2026-07-30T15:53:13Z
f2e9ae8ea3636b43,401853957,2026-08-01,Racing Louisville FC,Chicago Stars FC,2026-07-30T15:53:13Z,lean,total,over,2.5,1.54,10.0,0.1,0.061,20260730T155257Z,win,0.54,2026-08-03T15:22:51Z
542f7a3e50a9c151,401853957,2026-08-01,Racing Louisville FC,Chicago Stars FC,2026-07-30T15:53:13Z,lean,total,over,3.0,1.87,10.0,0.095,0.087,20260730T155257Z,push,0.0,2026-08-03T15:22:51Z
1d4d0e77b1b58be4,401853957,2026-08-01,Racing Louisville FC,Chicago Stars FC,2026-07-30T15:53:13Z,lean,total,over,3.5,2.35,10.0,0.088,0.114,20260730T155257Z,loss,-1.0,2026-08-03T15:22:51Z
5fe36ebbc5550fe0,401853957,2026-08-01,Racing Louisville FC,Chicago Stars FC,2026-07-30T15:53:13Z,lean,total,over,4.5,3.9,10.0,0.051,0.108,20260730T155257Z,loss,-1.0,2026-08-03T15:22:51Z
4ad676c0a1783cd5,401853958,2026-08-01,Kansas City Current,Angel City FC,2026-07-30T15:53:13Z,lean,total,over,2.5,1.79,10.0,0.059,0.015,20260730T155257Z,loss,-1.0,2026-08-03T15:22:51Z
8835963f42aec778,401853959,2026-08-02,Houston Dash,Gotham FC,2026-07-30T15:53:13Z,lean,1x2,draw,,4.2,10.0,0.033,0.048,20260730T155257Z,loss,-1.0,2026-08-03T15:22:51Z
0166ca42abf261f7,401853961,2026-08-02,Washington Spirit,San Diego Wave FC,2026-07-30T15:53:13Z,lean,1x2,away,,3.25,10.0,0.192,0.529,20260730T155257Z,win,2.25,2026-08-03T15:22:51Z
cd1ea182465289f4,401853962,2026-08-02,Utah Royals,Portland Thorns FC,2026-07-30T15:53:13Z,lean,1x2,away,,3.2,10.0,0.082,0.165,20260730T155257Z,loss,-1.0,2026-08-03T15:22:51Z
0b843f6cc04c4b75,401854070,2026-08-03,Denver Summit FC,Boston Legacy FC,2026-07-30T15:53:13Z,lean,1x2,away,,3.4,10.0,0.146,0.406,20260730T155257Z,loss,-1.0,2026-08-03T15:22:51Z
b2f94b559be12be8,401854071,2026-08-06,Denver Summit FC,North Carolina Courage,2026-08-03T15:22:51Z,lean,total,over,2.5,1.66,10.0,0.113,0.109,20260803T152245Z,pending,,
9a72a56e0deb7e8b,401853968,2026-08-10,Seattle Reign FC,Angel City FC,2026-08-03T15:22:51Z,lean,total,over,2.5,1.85,10.0,0.086,0.082,20260803T152245Z,pending,,
