match_id,match_date,timestamp,model,model_version,model_family,blended,gating_status,home_team,away_team,lambda_home,lambda_away,prob_home,prob_draw,prob_away,fair_odds_home,fair_odds_draw,fair_odds_away,btts_yes_prob,calibration_applied,confidence_score,confidence_band,data_quality_score,data_quality_band,projection_uncertainty,projection_notes,candidate_bet_count,accepted_bet_count,official_pick_count,lean_bet_count,actionable_pick_count,top_pick_tier,recommended_bets,recommended_leans,actionable_picks,rejected_bet_reasons,prob_over_1.5,prob_under_1.5,fair_over_1.5,fair_under_1.5,prob_over_2.5,prob_under_2.5,fair_over_2.5,fair_under_2.5,prob_over_3.5,prob_under_3.5,fair_over_3.5,fair_under_3.5,prob_over_4.5,prob_under_4.5,fair_over_4.5,fair_under_4.5,mkt_home_odds,mkt_draw_odds,mkt_away_odds,main_total_line,mkt_over_odds,mkt_under_odds,prob_over_main_total,prob_under_main_total,fair_over_main_total,fair_under_main_total
401854071,2026-08-06,2026-08-05T21:41:54.959180+00:00,spi_lite_baseline,20260805T214145Z,spi_lite_baseline,False,current,Denver Summit FC,North Carolina Courage,1.4605030713911518,1.9839317955309355,0.2842547361785478,0.21744756083969086,0.49829770298176135,3.5179712867541246,4.598809920600725,2.0068324497907666,0.6622477015748828,False,0.05659746035402491,low,0.8,high,0.9434025396459751,contextual_features_available,19,0,0,6,6,lean,none,"1x2_away@2.75(prob_edge=0.165,ev=0.370,stake=10.0); total_over_2.5@1.54(prob_edge=0.075,ev=0.030,stake=10.0); total_over_3.0@1.87(prob_edge=0.069,ev=0.047,stake=10.0); total_over_3.5@2.35(prob_edge=0.062,ev=0.060,stake=10.0); total_over_4.5@4.00(prob_edge=0.035,ev=0.056,stake=10.0); total_over_2.5@1.56(prob_edge=0.076,ev=0.042,stake=10.0)","1x2_away@2.75(prob_edge=0.165,ev=0.370,stake=10.0); total_over_2.5@1.54(prob_edge=0.075,ev=0.030,stake=10.0); total_over_3.0@1.87(prob_edge=0.069,ev=0.047,stake=10.0); total_over_3.5@2.35(prob_edge=0.062,ev=0.060,stake=10.0); total_over_4.5@4.00(prob_edge=0.035,ev=0.056,stake=10.0); total_over_2.5@1.56(prob_edge=0.076,ev=0.042,stake=10.0)",edge_below_threshold; lean_market_official_picks_disabled; lean_model_gating_not_passed; side_not_allowed; unsupported_total_line,0.8580862157540107,0.14191378424598933,1.1653840623943457,7.046531845466317,0.6686713794680798,0.33132862053192025,1.4955029192299039,3.018151581335123,0.45119569066288,0.54880430933712,2.2163332245723293,1.8221431264048604,0.2639254793557481,0.7360745206442518,3.7889483138992004,1.358558096977391,2.25,3.55,2.75,2.5,1.5495998839385474,2.26,0.6686713794680798,0.33132862053192025,1.4955029192299039,3.018151581335123
401853965,2026-08-07,2026-08-05T21:41:54.959180+00:00,spi_lite_baseline,20260805T214145Z,spi_lite_baseline,False,current,Orlando Pride,Racing Louisville FC,1.7488370193994789,1.1613772188716085,0.5112957398397401,0.23569768609318484,0.25300657406707505,1.9558152397542736,4.242723026159207,3.9524664672740406,0.5674216092900368,False,0.061243556482574624,low,0.8,high,0.9387564435174254,contextual_features_available,19,0,0,1,1,lean,none,"1x2_away@4.00(prob_edge=0.026,ev=0.012,stake=4.0)","1x2_away@4.00(prob_edge=0.026,ev=0.012,stake=4.0)",edge_below_threshold; lean_model_gating_not_passed; side_not_allowed; unsupported_total_line,0.7870141929259913,0.2129858070740087,1.27062511577099,4.695148534721462,0.556355387850509,0.44364461214949097,1.797412268915956,2.2540564510744896,0.33259987494608784,0.6674001250539123,3.0066156824685915,1.4983515322524406,0.16980575505956352,0.8301942449404366,5.889081908026177,1.2045373791669036,1.66666667,4.0,4.0,2.5,1.85309524,1.951243093922652,0.556355387850509,0.44364461214949097,1.797412268915956,2.2540564510744896
401853963,2026-08-08,2026-08-05T21:41:54.959180+00:00,spi_lite_baseline,20260805T214145Z,spi_lite_baseline,False,current,Gotham FC,San Diego Wave FC,1.218441513117339,1.3904581985065754,0.3286963107595785,0.26223577189122876,0.4090679173491927,3.0423219466294515,3.813362276199237,2.444581834919041,0.5289597284597375,False,0.014779658748521052,low,0.8,high,0.985220341251479,contextual_features_available,17,0,0,1,1,lean,none,"1x2_away@3.10(prob_edge=0.119,ev=0.268,stake=10.0)","1x2_away@3.10(prob_edge=0.119,ev=0.268,stake=10.0)",confidence_below_threshold; edge_below_threshold; lean_model_gating_not_passed; side_not_allowed; unsupported_total_line,0.7343234918014646,0.26567650819853544,1.3617976425441187,3.763975997654702,0.48379154395140517,0.5162084560485949,2.0670059501917333,1.9372018964095812,0.26592063511853925,0.7340793648814607,3.760520500991699,1.3622505247255932,0.12381979731221336,0.8761802026877867,8.076252923258192,1.141317729997073,2.1,3.2,3.1,1.5,1.6102307513302754,2.3759398496240602,0.7343234918014646,0.26567650819853544,1.3617976425441187,3.763975997654702
401853964,2026-08-08,2026-08-05T21:41:54.959180+00:00,spi_lite_baseline,20260805T214145Z,spi_lite_baseline,False,current,Washington Spirit,North Carolina Courage,1.191806518036125,1.5827667982353457,0.2872272515589079,0.2486497855096211,0.46412296293147093,3.4815637951223737,4.021720742491075,2.1546014308015455,0.5532908240047211,False,0.03457978260257,low,0.8,high,0.96542021739743,contextual_features_available,0,0,0,0,0,no_bet,none,none,none,none,0.7645459664266773,0.23545403357332265,1.307965830588034,4.247113480383806,0.524441253810426,0.475558746189574,1.9067912616223708,2.102789630119358,0.30237854423173227,0.6976214557682677,3.307112951882046,1.433442150799007,0.14834622709773612,0.8516537729022639,6.740987078432147,1.1741860739866181,,,,,,,,,,
401854072,2026-08-08,2026-08-05T21:41:54.959180+00:00,spi_lite_baseline,20260805T214145Z,spi_lite_baseline,False,current,Denver Summit FC,Utah Royals,1.575613093871141,1.6224150768144567,0.3728513973951114,0.2343054702304662,0.3928431323744224,2.682033665386261,4.267932793102892,2.545545327357004,0.636526048027667,False,0.021579694694412677,low,0.8,high,0.9784203053055873,contextual_features_available,0,0,0,0,0,no_bet,none,none,none,none,0.8285257961128552,0.17147420388714504,1.206963023591589,5.8317809753946745,0.6196500467259017,0.3803499532740985,1.6138141282870646,2.629157678059058,0.3969865364883875,0.6030134635116124,2.5189771140494375,1.6583377660866152,0.21896549190755987,0.7810345080924401,4.566929662241791,1.2803531593531638,,,,,,,,,,
401853966,2026-08-09,2026-08-05T21:41:54.959180+00:00,spi_lite_baseline,20260805T214145Z,spi_lite_baseline,False,current,Houston Dash,Kansas City Current,1.0093258709810167,2.026183785561823,0.1814871925800799,0.2096140651709032,0.6088987422490169,5.510030684720396,4.770672231296487,1.6423091897125932,0.5517256460327848,False,0.14499718116127558,low,0.8,high,0.8550028188387244,contextual_features_available,2,0,0,0,0,no_bet,none,none,none,edge_below_threshold; side_not_allowed,0.8060422560936829,0.19395774390631731,1.2406297466913128,5.1557621771627,0.5846094442896055,0.41539055571039457,1.7105436967669259,2.40737298008573,0.3605556314540353,0.6394443685459645,2.7734971049189756,1.5638577008253345,0.19052625334213166,0.8094737466578682,5.248620504830275,1.235370515879942,,,,2.5,1.6756756756756757,2.06,0.5846094442896055,0.41539055571039457,1.7105436967669259,2.40737298008573
401853967,2026-08-09,2026-08-05T21:41:54.959180+00:00,spi_lite_baseline,20260805T214145Z,spi_lite_baseline,False,current,Chicago Stars FC,Bay FC,1.1600841922766223,1.9742469533789004,0.22026561406147438,0.2171610004932133,0.5625733854453123,4.5399732693679,4.604878397727091,1.7775458737857586,0.5911816099727442,False,0.10024148575683345,low,0.8,high,0.8997585142431666,contextual_features_available,2,0,0,0,0,no_bet,none,none,none,edge_below_threshold; side_not_allowed,0.8199977074729462,0.18000229252705383,1.2195156046006295,5.55548479944889,0.6061362422115726,0.3938637577884274,1.6497941062744583,2.538949015301814,0.38269869173682275,0.6173013082631773,2.6130217363995794,1.6199544478750152,0.20761687334632595,0.7923831266536739,4.816564202524613,1.262015767830792,,,,2.5,1.6493506493506491,2.1,0.6061362422115726,0.3938637577884274,1.6497941062744583,2.538949015301814
401854073,2026-08-09,2026-08-05T21:41:54.959180+00:00,spi_lite_baseline,20260805T214145Z,spi_lite_baseline,False,current,Boston Legacy FC,Portland Thorns FC,1.594421652692703,1.2736994794000696,0.4487554002952595,0.24578698861202497,0.30545761109271563,2.2283854396895237,4.068563619445703,3.2737766671542183,0.5739768352851115,False,0.02900808787438436,low,0.8,high,0.9709919121256156,contextual_features_available,2,0,0,0,0,no_bet,none,none,none,edge_below_threshold; side_not_allowed,0.780257806331923,0.2197421936680774,1.2816276772687594,4.550787371816763,0.546601034091767,0.4533989659082333,1.8294879402517072,2.2055630365120797,0.32321572538557364,0.6767842746144264,3.093908870947013,1.4775757024935519,0.16304169426074874,0.8369583057392513,6.133400444187752,1.1948026480443856,,,,2.5,1.6329113924050631,2.12,0.546601034091767,0.4533989659082333,1.8294879402517072,2.2055630365120797
401853968,2026-08-10,2026-08-05T21:41:54.959180+00:00,spi_lite_baseline,20260805T214145Z,spi_lite_baseline,False,current,Seattle Reign FC,Angel City FC,1.2062149670718776,1.835233667634025,0.2503295065430128,0.22862409972661316,0.5210463937303739,3.9947348349371485,4.373992073433167,1.9192148953198023,0.5888458929543846,False,0.06813861977550928,low,0.8,high,0.9318613802244907,contextual_features_available,2,0,0,1,1,lean,none,"total_over_2.5@1.82(prob_edge=0.078,ev=0.066,stake=10.0)","total_over_2.5@1.82(prob_edge=0.078,ev=0.066,stake=10.0)",lean_market_official_picks_disabled; side_not_allowed,0.8069321705789844,0.19306782942101516,1.2392615345630438,5.179526817071842,0.5859771737083284,0.4140228262916712,1.706551116439482,2.4153257658685683,0.36196941585376075,0.6380305841462391,2.76266434732157,1.567322985524462,0.1916423935311841,0.8083576064688157,5.21805213123306,1.2370762543675988,,,,2.5,1.819672131147541,1.8771929824561404,0.5859771737083284,0.4140228262916712,1.706551116439482,2.4153257658685683
401853969,2026-08-15,2026-08-05T21:41:54.959180+00:00,spi_lite_baseline,20260805T214145Z,spi_lite_baseline,False,current,Gotham FC,Kansas City Current,1.3315592606677074,1.4068001174429543,0.35483717967535433,0.25587642470384625,0.3892863956207995,2.8181939697382177,3.9081365200307503,2.5688028434831085,0.5556801647274352,False,0.013583849437219242,low,0.8,high,0.9864161505627808,contextual_features_available,0,0,0,0,0,no_bet,none,none,none,none,0.7582097331321603,0.24179026686783947,1.3188962846322287,4.135815775192438,0.5157114560177068,0.48428854398229304,1.939068811311543,2.0648846899764015,0.2943623122470264,0.7056376877529738,3.397174021247694,1.4171578663611222,0.14282893632672417,0.8571710636732759,7.001382392938075,1.1666282757080628,,,,,,,,,,
401853970,2026-08-15,2026-08-05T21:41:54.959180+00:00,spi_lite_baseline,20260805T214145Z,spi_lite_baseline,False,current,Seattle Reign FC,Chicago Stars FC,2.221167873580171,1.1381166845019912,0.6185559071239841,0.19659578788093082,0.18484830499508514,1.6166687416333392,5.086578968851839,5.409841329227166,0.6058179050212955,False,0.15440357013859674,low,0.8,high,0.8455964298614033,contextual_features_available,0,0,0,0,0,no_bet,none,none,none,none,0.8483941088132991,0.15160589118670081,1.1786974822335357,6.59604974564288,0.652164539747675,0.347835460252325,1.5333553713099826,2.874922525939665,0.4324342193472523,0.5675657806527479,2.312490444233282,1.7619103090568935,0.2479000512813556,0.7520999487186445,4.033883796437961,1.3296105148041877,,,,,,,,,,
401853971,2026-08-15,2026-08-05T21:41:54.959180+00:00,spi_lite_baseline,20260805T214145Z,spi_lite_baseline,False,current,Utah Royals,Bay FC,1.7945874724218789,1.2005707731168611,0.5129848886159712,0.23184296512330677,0.2551721462607218,1.949375161319062,4.313264366111541,3.9189230276656106,0.582796670821794,False,0.06261370416776346,low,0.8,high,0.9373862958322365,contextual_features_available,0,0,0,0,0,no_bet,none,none,none,none,0.8001049602023832,0.19989503979761666,1.2498360211978365,5.002625382863167,0.575676680041843,0.42432331995815675,1.7370861712295087,2.3566934763298226,0.3516106087568696,0.6483893912431302,2.8440552562834536,1.542283099485544,0.18383227351820486,0.816167726481795,5.439741242720204,1.225238351816041,,,,,,,,,,
401854074,2026-08-15,2026-08-05T21:41:54.959180+00:00,spi_lite_baseline,20260805T214145Z,spi_lite_baseline,False,current,San Diego Wave FC,Denver Summit FC,1.942924596839487,1.151101771616053,0.5578134037440736,0.2196283432026191,0.22255825305330726,1.7927141823555084,4.553146399130488,4.493205649670873,0.5857269276161448,False,0.09618878150743804,low,0.8,high,0.903811218492562,contextual_features_available,0,0,0,0,0,no_bet,none,none,none,none,0.8144259919887693,0.18557400801123067,1.2278586511686254,5.388685682423163,0.5974635612981142,0.4025364387018858,1.6737422409950684,2.484247148468935,0.3737010674577492,0.6262989325422508,2.6759356263092835,1.5966816292354753,0.2006193034043843,0.7993806965956156,4.984565208983505,1.2509684112448265,,,,,,,,,,
401854075,2026-08-15,2026-08-05T21:41:54.959180+00:00,spi_lite_baseline,20260805T214145Z,spi_lite_baseline,False,current,Racing Louisville FC,Boston Legacy FC,1.3251477297091114,1.6887576801888733,0.30158617237781027,0.23809525335651036,0.46031857426567935,3.3158018887790917,4.199999730791174,2.1724085359693435,0.5985754051236558,False,0.03484610405824351,low,0.8,high,0.9651538959417565,contextual_features_available,0,0,0,0,0,no_bet,none,none,none,none,0.8029035178583791,0.1970964821416208,1.245479659458144,5.073657272489849,0.5798849721596016,0.42011502784039834,1.7244799365567458,2.3803004742308334,0.35583270502989267,0.6441672949701072,2.8103094118793615,1.552391758799871,0.18701462002935815,0.8129853799706417,5.347175530143135,1.2300344196055675,,,,,,,,,,
401853972,2026-08-16,2026-08-05T21:41:54.959180+00:00,spi_lite_baseline,20260805T214145Z,spi_lite_baseline,False,current,Portland Thorns FC,Orlando Pride,1.352884857399406,1.3660206225164895,0.3684137871389097,0.2571378494540141,0.3744483634070762,2.714339242746504,3.8889646239296156,2.6705951947581736,0.5523283173476558,False,0.012454017347834578,low,0.8,high,0.9875459826521654,contextual_features_available,0,0,0,0,0,no_bet,none,none,none,none,0.7547433688528545,0.24525663114714552,1.3249536746774133,4.077361722383092,0.5109825823683523,0.48901741763164774,1.9570138679974214,2.044916937402933,0.2900617363145783,0.7099382636854217,3.447541936091419,1.4085731832635895,0.1398960115737629,0.8601039884262371,7.148166618551025,1.162650113772563,,,,,,,,,,
401853973,2026-08-16,2026-08-05T21:41:54.959180+00:00,spi_lite_baseline,20260805T214145Z,spi_lite_baseline,False,current,North Carolina Courage,Houston Dash,2.5443241369055105,0.9901768976048743,0.7095804943275944,0.16439202043337844,0.12602748523902715,1.409283383624588,6.083020315485813,7.934777069489031,0.5790723905957953,False,0.2706353855235678,medium,0.8,high,0.7293646144764322,contextual_features_available,0,0,0,0,0,no_bet,none,none,none,none,0.8675432761205827,0.13245672387941743,1.1526802495337498,7.549635614650673,0.6850819888684925,0.31491801113150764,1.4596793029862574,3.1754296821797428,0.47011211935162267,0.5298878806483773,2.1271521384711316,1.8871916805804045,0.28015931280263806,0.7198406871973619,3.5693976759018655,1.3891962732662617,,,,,,,,,,
401853974,2026-08-17,2026-08-05T21:41:54.959180+00:00,spi_lite_baseline,20260805T214145Z,spi_lite_baseline,False,current,Angel City FC,Washington Spirit,1.52288010567756,1.082825123877673,0.4741153221502178,0.2560578425737182,0.269826835276064,2.109191484183171,3.9053675917467876,3.7060806015713172,0.5171256181176194,False,0.03865834493708176,low,0.8,high,0.9613416550629182,contextual_features_available,0,0,0,0,0,no_bet,none,none,none,none,0.7337060664457795,0.26629393355422026,1.3629436169775755,3.7552488960338613,0.48298453803525476,0.5170154619647452,2.070459655019032,1.9341781311526598,0.2652157387881261,0.7347842612118739,3.7705152966011335,1.3609436848180552,0.12335541403007438,0.8766445859699256,8.106656751654185,1.1407131419098346,,,,,,,,,,
401853975,2026-08-19,2026-08-05T21:41:54.959180+00:00,spi_lite_baseline,20260805T214145Z,spi_lite_baseline,False,current,Racing Louisville FC,Seattle Reign FC,1.6555974901063117,1.5100543513768199,0.41366944014313467,0.23507380958937021,0.3512567502674951,2.417389110624144,4.253983043652596,2.8469203772979816,0.630296789706295,False,0.023320455861255973,low,0.8,high,0.976679544138744,contextual_features_available,0,0,0,0,0,no_bet,none,none,none,none,0.8242497162290952,0.17575028377090499,1.2132245608466259,5.689891239683719,0.6128475814329456,0.3871524185670545,1.6317270889147084,2.5829620377970097,0.38977239566264665,0.6102276043373532,2.5655998503945203,1.6387328152516158,0.2132278025069123,0.7867721974930877,4.689819940190879,1.2710159347093422,,,,,,,,,,
401853976,2026-08-20,2026-08-05T21:41:54.959180+00:00,spi_lite_baseline,20260805T214145Z,spi_lite_baseline,False,current,Houston Dash,Chicago Stars FC,1.963654586755189,1.2086714193164747,0.5491611623927118,0.21853388080504063,0.23230495680224764,1.820959070818063,4.5759494880893286,4.304686450798646,0.6029459205297761,False,0.0892209677652347,low,0.8,high,0.9107790322347653,contextual_features_available,0,0,0,0,0,no_bet,none,none,none,none,0.8251172085696292,0.1748827914303709,1.2119490293185575,5.718115497934211,0.6142085209828244,0.3857914790171757,1.6281115709691754,2.592073838819751,0.39118481613680284,0.6088151838631973,2.5563364393220365,1.6425345926075048,0.2143088414234315,0.7856911585765687,4.666163063353039,1.2727647359704202,,,,,,,,,,
401853977,2026-08-22,2026-08-05T21:41:54.959180+00:00,spi_lite_baseline,20260805T214145Z,spi_lite_baseline,False,current,San Diego Wave FC,Utah Royals,1.7491949627601298,1.1679792559361855,0.5098574213755178,0.23563519380946618,0.25450738481501584,1.9613326355084761,4.243848229261528,3.929159072247873,0.5691660282077354,False,0.06033240726739131,low,0.8,high,0.9396675927326087,contextual_features_available,0,0,0,0,0,no_bet,none,none,none,none,0.7881148835568744,0.2118851164431254,1.268850545604288,4.719538666928603,0.557958883256671,0.4420411167433289,1.7922467586916835,2.2622329962591463,0.3341571664719994,0.6658428335280007,2.9926037815017046,1.50185591801214,0.17094001689594457,0.8290599831040554,5.850005271783288,1.2061853428939289,,,,,,,,,,
401853978,2026-08-22,2026-08-05T21:41:54.959180+00:00,spi_lite_baseline,20260805T214145Z,spi_lite_baseline,False,current,Kansas City Current,Seattle Reign FC,2.089960890421921,1.04121018968527,0.6145747695695128,0.204806787795582,0.1806184426349052,1.6271413170776006,4.882650671705772,5.53653317685481,0.5669208892790158,False,0.15069710263630653,low,0.8,high,0.8493028973636935,contextual_features_available,0,0,0,0,0,no_bet,none,none,none,none,0.8195465827209819,0.18045341727901804,1.2201868949046113,5.5415963580994125,0.6054175628906928,0.394582437109307,1.6517525445170285,2.534324658051064,0.3819260314559263,0.6180739685440737,2.6183080430206247,1.6179293270602964,0.20697847648657414,0.7930215235134259,4.831420237383311,1.2609998220093328,,,,,,,,,,
401854076,2026-08-22,2026-08-05T21:41:54.959180+00:00,spi_lite_baseline,20260805T214145Z,spi_lite_baseline,False,current,North Carolina Courage,Boston Legacy FC,1.8932161027731966,1.2610899309898898,0.5217522110769197,0.22416317136439415,0.25408461755868605,1.9166186146790938,4.461036101128426,3.9356967360254678,0.608717325471838,False,0.06904368700061025,low,0.8,high,0.9309563129993897,contextual_features_available,0,0,0,0,0,no_bet,none,none,none,none,0.8227145641313078,0.17728543586869222,1.2154883888021177,5.64062126761872,0.6104134707787865,0.3895865292212134,1.638233833083935,2.5668238632352307,0.387192597533334,0.612807402466666,2.582694003890166,1.6318340737641392,0.21116586069833496,0.788834139301665,4.735613970425689,1.2676936128617289,,,,,,,,,,
401853979,2026-08-23,2026-08-05T21:41:54.959180+00:00,spi_lite_baseline,20260805T214145Z,spi_lite_baseline,False,current,Chicago Stars FC,Racing Louisville FC,1.319533695685203,2.10308801995278,0.23666762688538123,0.20919035768620434,0.5541420154284145,4.225334969384312,4.780335054926616,1.8045915526309386,0.6432551123252856,False,0.09388330206189288,low,0.8,high,0.9061166979381071,contextual_features_available,0,0,0,0,0,no_bet,none,none,none,none,0.8556533890161516,0.14434661098384838,1.1686975273361813,6.927769160523587,0.6644856493548698,0.33551435064513024,1.5049233959693058,2.9804984438882878,0.4463873636568257,0.5536126363431741,2.2402067832027193,1.8063171509331637,0.25977038146344017,0.7402296185365597,3.849553572529742,1.3509321634238423,,,,,,,,,,
401853980,2026-08-23,2026-08-05T21:41:54.959180+00:00,spi_lite_baseline,20260805T214145Z,spi_lite_baseline,False,current,Washington Spirit,Orlando Pride,1.1773502180808617,1.1303615939829572,0.37007321453871983,0.28303030979171595,0.34689647566956416,2.7021680054484802,3.533190493752797,2.882704409348191,0.4684765838053135,False,0.005669730900203396,low,0.8,high,0.9943302690997966,contextual_features_available,0,0,0,0,0,no_bet,none,none,none,none,0.6709178826222796,0.32908211737772053,1.4904953734300603,3.038755213952266,0.40600091870182753,0.5939990812981725,2.463048613775215,1.6835042872701438,0.2022169164167237,0.7977830835832763,4.945184694336968,1.2534735576348122,0.0846482291209801,0.91535177087902,11.813596225040808,1.0924761734384276,,,,,,,,,,
401853981,2026-08-23,2026-08-05T21:41:54.959180+00:00,spi_lite_baseline,20260805T214145Z,spi_lite_baseline,False,current,Bay FC,Houston Dash,1.6640942745529177,1.192335663095045,0.4839545637544097,0.24224006193368916,0.27380537431190116,2.0663096804836942,4.128136328968328,3.6522292614346767,0.5645907645236338,False,0.044829883648104474,low,0.8,high,0.9551701163518955,contextual_features_available,0,0,0,0,0,no_bet,none,none,none,none,0.7783426139799707,0.2216573860200293,1.2847812544743096,4.511467079692253,0.5438582336735617,0.4561417663264383,1.83871446285803,2.1923008893782137,0.32059549906754264,0.6794045009324573,3.1191953814339772,1.471877208095527,0.16116190929509658,0.8388380907049034,6.20494013984994,1.1921251682308165,,,,,,,,,,
401854077,2026-08-23,2026-08-05T21:41:54.959180+00:00,spi_lite_baseline,20260805T214145Z,spi_lite_baseline,False,current,Portland Thorns FC,Denver Summit FC,1.630677752949679,1.5359583052793035,0.40261309777612825,0.2354049534341671,0.3619819487897046,2.483774138306963,4.247998971184173,2.762568695327279,0.6310851820579615,False,0.021836916028188713,low,0.8,high,0.9781630839718113,contextual_features_available,0,0,0,0,0,no_bet,none,none,none,none,0.8243815270844276,0.17561847291557253,1.2130305776461034,5.694161800853055,0.6130564975667029,0.3869435024332972,1.631171032309622,2.5843566146258876,0.3899933447409924,0.6100066552590075,2.5641463206612753,1.6393263768169908,0.2134033889909582,0.7865966110090417,4.6859611964380266,1.271299654745786,,,,,,,,,,
401853982,2026-08-24,2026-08-05T21:41:54.959180+00:00,spi_lite_baseline,20260805T214145Z,spi_lite_baseline,False,current,Angel City FC,Gotham FC,1.4917787826467512,1.281993299304204,0.42137922927248206,0.25259806318550565,0.32602270754201224,2.37315921272749,3.9588585414671584,3.0672710117013464,0.559964236643701,False,0.01955274610627966,low,0.8,high,0.9804472538937203,contextual_features_available,0,0,0,0,0,no_bet,none,none,none,none,0.7644099943535911,0.23559000564640853,1.3081984895365362,4.244662235378849,0.5242543794786257,0.4757456205213739,1.9074709514005515,2.1019636479345642,0.3022087328573113,0.6977912671426887,3.308971221795079,1.4330933147025382,0.14823272897807355,0.8517672710219263,6.746148484845874,1.1740296135119495,,,,,,,,,,
401853983,2026-08-27,2026-08-05T21:41:54.959180+00:00,spi_lite_baseline,20260805T214145Z,spi_lite_baseline,False,current,North Carolina Courage,Angel City FC,1.8272870452379555,1.4507484464766764,0.46559735098054944,0.22703094431706372,0.307371704702387,2.1477785427558747,4.404685903096249,3.2533899012215555,0.6424387788749288,False,0.0395739665864544,low,0.8,high,0.9604260334135456,contextual_features_available,0,0,0,0,0,no_bet,none,none,none,none,0.8386851859348012,0.1613148140651988,1.192342510360901,6.199058690269009,0.6360909076237807,0.36390909237621927,1.5721023331958317,2.747939034637179,0.41472049604983513,0.5852795039501649,2.4112625479687755,1.7085853737416157,0.23330547956111788,0.7666945204388823,4.286225946690784,1.3043004395382474,,,,,,,,,,
401853984,2026-08-29,2026-08-05T21:41:54.959180+00:00,spi_lite_baseline,20260805T214145Z,spi_lite_baseline,False,current,Gotham FC,Portland Thorns FC,1.6488744621640976,1.162905464469723,0.4869886837325737,0.24388489217866566,0.2691264240887606,2.0534358053977755,4.100294983698367,3.715725809481235,0.5552465718415043,False,0.04626983914614291,low,0.8,high,0.9537301608538571,contextual_features_available,0,0,0,0,0,no_bet,none,none,none,none,0.7709060086511078,0.2290939913488921,1.2971749977014049,4.365020636779071,0.533321271868657,0.46667872813134303,1.8750424045457421,2.1428017600119924,0.3106426072821652,0.6893573927178348,3.2191334239339313,1.4506263522574803,0.1541117574886844,0.8458882425113156,6.488797586215475,1.1821892653705053,,,,,,,,,,
401853985,2026-08-29,2026-08-05T21:41:54.959180+00:00,spi_lite_baseline,20260805T214145Z,spi_lite_baseline,False,current,San Diego Wave FC,Racing Louisville FC,2.172603327632376,1.013952686585885,0.6374840217015765,0.19664817396288714,0.16586780433553638,1.5686667680403872,5.085223929863326,6.028897554929259,0.5646193735295684,False,0.17639671970201354,low,0.8,high,0.8236032802979865,contextual_features_available,0,0,0,0,0,no_bet,none,none,none,none,0.8269624317664942,0.1730375682335058,1.209244775320538,5.779091848138715,0.6171184031425699,0.38288159685743,1.6204345793411297,2.611773478296374,0.3942251526561184,0.6057748473438815,2.536621504900012,1.6507783450974614,0.21665969568955362,0.7833403043104463,4.615533114349406,1.276584384203585,,,,,,,,,,
401853986,2026-08-29,2026-08-05T21:41:54.959180+00:00,spi_lite_baseline,20260805T214145Z,spi_lite_baseline,False,current,Kansas City Current,North Carolina Courage,1.6433549177504867,1.5532618092667376,0.4021489039411422,0.23418515005728702,0.3636659460015707,2.486641117754627,4.270125581213741,2.749776301561326,0.6359985637701957,False,0.022276405471170713,low,0.8,high,0.9777235945288293,contextual_features_available,0,0,0,0,0,no_bet,none,none,none,none,0.8283411668665829,0.17165883313341707,1.207232043993131,5.825508549407287,0.6193547844240996,0.38064521557590036,1.6145834748492969,2.627118269402235,0.3966716624792793,0.6033283375207207,2.520976652957246,1.657472287990544,0.2187135143709721,0.7812864856290279,4.572191173810341,1.2799402247370013,,,,,,,,,,
401853987,2026-08-29,2026-08-05T21:41:54.959180+00:00,spi_lite_baseline,20260805T214145Z,spi_lite_baseline,False,current,Orlando Pride,Utah Royals,1.3958358774367128,1.3462684489576804,0.38344583317585385,0.25579220671914565,0.3607619601050004,2.6079302824015445,3.9094232495440275,2.7719108736102562,0.5565939441323385,False,0.013201194361690982,low,0.8,high,0.986798805638309,contextual_features_available,0,0,0,0,0,no_bet,none,none,none,none,0.7588722226874641,0.24112777731253582,1.3177448984212492,4.147178774446455,0.5166191444934457,0.4833808555065541,1.9356619100527486,2.0687621129555493,0.29519140656072024,0.7048085934392796,3.387632491240229,1.418824925388983,0.14339691701845766,0.8566030829815423,6.9736506250778225,1.1674018222294298,,,,,,,,,,
401853988,2026-08-30,2026-08-05T21:41:54.959180+00:00,spi_lite_baseline,20260805T214145Z,spi_lite_baseline,False,current,Washington Spirit,Bay FC,1.4346599503252446,1.0618591215914432,0.4560736221898554,0.2645616245628737,0.2793647532472708,2.192628451517237,3.7798376905655404,3.5795496331453167,0.4983590255639137,False,0.029591482678577363,low,0.8,high,0.9704085173214226,contextual_features_available,0,0,0,0,0,no_bet,none,none,none,none,0.7119812327481332,0.2880187672518667,1.4045314033632048,3.4719959728371443,0.45528194336801353,0.5447180566319865,2.1964411603991065,1.835812101003297,0.24166371947303675,0.7583362805269631,4.137981498342259,1.318676193766051,0.10833822695734216,0.8916617730426577,9.230352278090603,1.1215014821008362,,,,,,,,,,
401853989,2026-08-30,2026-08-05T21:41:54.959180+00:00,spi_lite_baseline,20260805T214145Z,spi_lite_baseline,False,current,Seattle Reign FC,Houston Dash,1.6837271195191836,1.2723343940605951,0.4707131107563266,0.23945959617164855,0.289827293072025,2.1244362588355195,4.1760698505612766,3.4503306759018377,0.5861552885798139,False,0.03887447902518193,low,0.8,high,0.9611255209748181,contextual_features_available,0,0,0,0,0,no_bet,none,none,none,none,0.7941768861905483,0.20582311380945173,1.259165328767914,4.858540819306556,0.5668619112171708,0.4331380887828292,1.7640980637644033,2.308732540262441,0.3428762282241202,0.6571237717758799,2.9165043175473584,1.521783327511491,0.17734736395196093,0.8226526360480393,5.6386516140768554,1.2155798889844005,,,,,,,,,,
401854078,2026-08-30,2026-08-05T21:41:54.959180+00:00,spi_lite_baseline,20260805T214145Z,spi_lite_baseline,False,current,Denver Summit FC,Chicago Stars FC,2.6251141855232025,1.067487161563696,0.7061263364304335,0.16207342479927725,0.13180023877028918,1.4161771745480256,6.170042998958453,7.587239669139531,0.6085280064131183,False,0.26478211577737965,medium,0.8,high,0.7352178842226204,contextual_features_available,0,0,0,0,0,no_bet,none,none,none,none,0.8829348873087446,0.11706511269125569,1.132586348522346,8.542254622326059,0.7128566765022795,0.2871433234977208,1.4028065289457976,3.482581408541569,0.5035129997242517,0.4964870002757483,1.9860460416069672,2.0141514268139975,0.31025731400558443,0.6897426859944156,3.2231311071751256,1.44981602604206,,,,,,,,,,
401854079,2026-09-01,2026-08-05T21:41:54.959180+00:00,spi_lite_baseline,20260805T214145Z,spi_lite_baseline,False,current,Boston Legacy FC,Angel City FC,1.3686795681748447,1.4893588879891617,0.3482327746445742,0.2493389618393638,0.4024282635160618,2.871642397877844,4.010604650885842,2.4849149293414072,0.577414194753797,False,0.01697052923634801,low,0.8,high,0.983029470763652,contextual_features_available,0,0,0,0,0,no_bet,none,none,none,none,0.7786122633073981,0.22138773669260164,1.284336308488372,4.5169620275241655,0.544247050750556,0.45575294924944376,1.83740086165084,2.1941712097460893,0.320972120659054,0.6790278793409459,3.1155353865210906,1.4726935821406697,0.16144003653434325,0.8385599634656566,6.194250332613554,1.1925205633084761,,,,,,,,,,
401853990,2026-09-05,2026-08-05T21:41:54.959180+00:00,spi_lite_baseline,20260805T214145Z,spi_lite_baseline,False,current,Bay FC,Kansas City Current,1.1400238236556544,1.7906586674073746,0.2417125248111257,0.23226559994220583,0.5260218752466685,4.137145978601649,4.3054158698009,1.9010616232092399,0.5666861246337807,False,0.07134231641816302,low,0.8,high,0.928657683581837,contextual_features_available,0,0,0,0,0,no_bet,none,none,none,none,0.7902335668636283,0.20976643313637164,1.26544864952892,4.767206959894714,0.5610541695182393,0.43894583048176083,1.7823590917409464,2.2781854401087704,0.33717015381406956,0.6628298461859304,2.965861564815265,1.508682817700834,0.173136912600797,0.826863087399203,5.775775858413896,1.2093900613526938,,,,,,,,,,
401853991,2026-09-05,2026-08-05T21:41:54.959180+00:00,spi_lite_baseline,20260805T214145Z,spi_lite_baseline,False,current,Racing Louisville FC,Angel City FC,1.2797838538359219,1.9334042640949585,0.2522857931700714,0.22120559180266117,0.5265086150272675,3.963758670017055,4.5206813799359375,1.8993041546874037,0.6174545249270238,False,0.07253947214327938,low,0.8,high,0.9274605278567206,contextual_features_available,0,0,0,0,0,no_bet,none,none,none,none,0.8304783678570347,0.16952163214296545,1.2041252833356741,5.8989521712288235,0.6227687611863263,0.3772312388136739,1.6057324360571288,2.6508939268784437,0.4002987478081873,0.5997012521918128,2.4981342196932723,1.6674969350908622,0.22158924691254714,0.7784107530874529,4.512854364249281,1.2846687896250735,,,,,,,,,,
401854080,2026-09-05,2026-08-05T21:41:54.959180+00:00,spi_lite_baseline,20260805T214145Z,spi_lite_baseline,False,current,Utah Royals,Boston Legacy FC,1.5307930760190591,1.3564310829117283,0.41527600099534834,0.24734871184807705,0.3373752871565745,2.408037058734828,4.042875309632522,2.9640582403888525,0.5817805002614412,False,0.019614937312699476,low,0.8,high,0.9803850626873005,contextual_features_available,0,0,0,0,0,no_bet,none,none,none,none,0.783352505505435,0.21664749449456472,1.2765645006200366,4.615793052825211,0.5510547058972418,0.44894529410275796,1.8147018604473646,2.2274428825421935,0.3274894328654958,0.6725105671345041,3.053533640002098,1.48696548258103,0.1661186685166921,0.8338813314833078,6.019793012604824,1.1992114012448274,,,,,,,,,,
401853992,2026-09-06,2026-08-05T21:41:54.959180+00:00,spi_lite_baseline,20260805T214145Z,spi_lite_baseline,False,current,Chicago Stars FC,North Carolina Courage,0.9545481972063864,2.5468785682060093,0.11999749505611598,0.1622834215062375,0.7177190834376466,8.333507291401016,6.162058888816095,1.3933027880634266,0.5667798453152747,False,0.28311587652440984,medium,0.8,high,0.7168841234755902,contextual_features_available,0,0,0,0,0,no_bet,none,none,none,none,0.8640865743288932,0.13591342567110665,1.157291444756755,7.357624863491219,0.6790011287573208,0.32099887124267934,1.4727516017980085,3.115275751994738,0.46298008441979294,0.5370199155802071,2.1599201210851238,1.8621283326514622,0.2738846177858535,0.7261153822141466,3.651172556108594,1.3771915930918526,,,,,,,,,,
401853993,2026-09-06,2026-08-05T21:41:54.959180+00:00,spi_lite_baseline,20260805T214145Z,spi_lite_baseline,False,current,Portland Thorns FC,Washington Spirit,1.2966734062141445,1.260178448722427,0.37538180325862874,0.26645943359351654,0.35815876314785483,2.6639543827621948,3.7529164815590597,2.7920578885492207,0.5205019435924821,False,0.009700874647664559,low,0.8,high,0.9902991253523354,contextual_features_available,0,0,0,0,0,no_bet,none,none,none,none,0.7241670645198663,0.27583293548013377,1.380896824772078,3.62538287264112,0.4706766860454882,0.5293233139545119,2.124600664634058,1.8892045251684044,0.2546309045752257,0.7453690954247745,3.9272530632846636,1.3416172016497616,0.1165316402993603,0.8834683597006399,8.581360370720615,1.1319024490462188,,,,,,,,,,
401853994,2026-09-06,2026-08-05T21:41:54.959180+00:00,spi_lite_baseline,20260805T214145Z,spi_lite_baseline,False,current,Orlando Pride,Houston Dash,1.7721579959003468,0.9630447839151517,0.5640050351949867,0.23286177946010794,0.20313318534490546,1.7730338163635047,4.294393018547349,4.922878545433491,0.5131756730186096,False,0.10238967900949858,low,0.8,high,0.8976103209905014,contextual_features_available,0,0,0,0,0,no_bet,none,none,none,none,0.7576329783471162,0.24236702165288376,1.3199003060580097,4.125973877057385,0.5149113904907145,0.48508860950928556,1.9420817221522177,2.061479037843411,0.2936138032153605,0.7063861967846397,3.405834429611328,1.4156562013128864,0.14229035924485772,0.8577096407551424,7.027883022483404,1.165895720980334,,,,,,,,,,
401854081,2026-09-06,2026-08-05T21:41:54.959180+00:00,spi_lite_baseline,20260805T214145Z,spi_lite_baseline,False,current,Denver Summit FC,Gotham FC,1.367396311788107,1.5519391089369052,0.33614865806155886,0.2456710011718122,0.4181803407666289,2.974874288556196,4.070484490355624,2.3913127962131133,0.5873549005717167,False,0.020654606154022592,low,0.8,high,0.9793453938459774,contextual_features_available,0,0,0,0,0,no_bet,none,none,none,none,0.7884647800228809,0.21153521997711905,1.2682874686818357,4.727345167902376,0.558475151541914,0.44152484845808604,1.7905899613242673,2.2648781908702245,0.33466952860062293,0.6653304713993771,2.9880222564072976,1.5030124772381444,0.1713286079981387,0.8286713920018614,5.836736851389488,1.2067509626273594,,,,,,,,,,
401853995,2026-09-07,2026-08-05T21:41:54.959180+00:00,spi_lite_baseline,20260805T214145Z,spi_lite_baseline,False,current,Seattle Reign FC,San Diego Wave FC,1.037924904598811,1.8700864911607853,0.20723692985056108,0.22452049164559637,0.5682425785038425,4.825394782296291,4.45393644326457,1.759811808951303,0.5462700035945646,False,0.1054811904677867,low,0.8,high,0.8945188095322133,contextual_features_available,0,0,0,0,0,no_bet,none,none,none,none,0.7866530855714642,0.21334691442853565,1.2712083869518542,4.687201606259779,0.5558228168173629,0.4441771831826369,1.799134489882931,2.251353824243646,0.3320704661429708,0.6679295338570291,3.011409028978375,1.4971639212079682,0.16940186974568824,0.8305981302543116,5.903122565891589,1.2039516627539495,,,,,,,,,,
401853996,2026-09-11,2026-08-05T21:41:54.959180+00:00,spi_lite_baseline,20260805T214145Z,spi_lite_baseline,False,current,Racing Louisville FC,Gotham FC,1.2039764698054394,1.7412743501549293,0.26422812695984677,0.23602454198997125,0.49974733105018204,3.784608442355436,4.23684753953464,2.0010111867902807,0.5772813407419232,False,0.05417013036590834,low,0.8,high,0.9458298696340917,contextual_features_available,0,0,0,0,0,no_bet,none,none,none,none,0.7925048969400085,0.20749510305999141,1.2618218560682264,4.8193908446643094,0.5643930670387496,0.43560693296125036,1.771814819141538,2.2956475765939097,0.34044421568563527,0.6595557843143647,2.937338788341746,1.5161719808727643,0.1755478311663996,0.8244521688336004,5.696453173791207,1.2129266412322708,,,,,,,,,,
401853997,2026-09-12,2026-08-05T21:41:54.959180+00:00,spi_lite_baseline,20260805T214145Z,spi_lite_baseline,False,current,Kansas City Current,Orlando Pride,1.6523295493878174,1.1145078398992743,0.4990504897770537,0.2441860997898165,0.2567634104331297,2.003805267171947,4.095237201711118,3.894635915269693,0.5431725824448534,False,0.05315166846181407,low,0.8,high,0.9468483315381859,contextual_features_available,0,0,0,0,0,no_bet,none,none,none,none,0.7632003975970131,0.23679960240298684,1.3102718540878204,4.222980063531503,0.5225750510591722,0.4774249489408276,1.913600731556486,2.094570051729619,0.3006513158554852,0.6993486841445147,3.3261121680261407,1.429901882525539,0.14714459382253295,0.852855406177467,6.796036293430342,1.1725317008683114,,,,,,,,,,
401853999,2026-09-12,2026-08-05T21:41:54.959180+00:00,spi_lite_baseline,20260805T214145Z,spi_lite_baseline,False,current,San Diego Wave FC,North Carolina Courage,1.6235111523415269,1.4271761068851891,0.42303958562461386,0.23947534319391464,0.3374850711814716,2.363844978061591,4.1757952474892255,2.963094031090586,0.6101244247423926,False,0.0234884904232201,low,0.8,high,0.9765115095767799,contextual_features_available,0,0,0,0,0,no_bet,none,none,none,none,0.8082822646038857,0.19171773539611447,1.2371915651150271,5.216001523979335,0.5880408654826642,0.41195913451733596,1.7005620845401612,2.4274252376309873,0.3640783220648721,0.635921677935128,2.7466617466497176,1.572520696647823,0.19326840262770487,0.8067315973722952,5.174151524014567,1.239569645291226,,,,,,,,,,
401854082,2026-09-12,2026-08-05T21:41:54.959180+00:00,spi_lite_baseline,20260805T214145Z,spi_lite_baseline,False,current,Angel City FC,Denver Summit FC,1.9056279906215092,1.3221563951953115,0.5109542405303993,0.223177790680878,0.26586796878872265,1.957122420516451,4.480732589695273,3.76126543019054,0.6243355646608277,False,0.06243337694355844,low,0.8,high,0.9375666230564416,contextual_features_available,0,0,0,0,0,no_bet,none,none,none,none,0.8323587245999923,0.1676412754000077,1.201405079859734,5.965118063042093,0.6257982784784845,0.37420172152151565,1.59795901393548,2.6723554235238933,0.40355408423903105,0.596445915760969,2.4779826027177196,1.6765979505856135,0.22421499923789406,0.7757850007621059,4.460004921164937,1.2890169299711036,,,,,,,,,,
401853998,2026-09-13,2026-08-05T21:41:54.959180+00:00,spi_lite_baseline,20260805T214145Z,spi_lite_baseline,False,current,Seattle Reign FC,Bay FC,1.4741088048871032,1.4211185548394485,0.387883844237981,0.2479039464266986,0.3642122093353204,2.5780913921912747,4.0338204147778045,2.74565205220599,0.5848523317767831,False,0.01606659401302346,low,0.8,high,0.9839334059869765,contextual_features_available,0,0,0,0,0,no_bet,none,none,none,none,0.7846375278534239,0.2153624721465759,1.274473836009036,4.643334514285288,0.5529126998192299,0.44708730018077003,1.8086037819839218,2.236699632478202,0.32928067913505366,0.6707193208649465,3.036922793729578,1.4909366241461774,0.16741429293611326,0.8325857070638868,5.973205647271757,1.2010775485523282,,,,,,,,,,
401854000,2026-09-13,2026-08-05T21:41:54.959180+00:00,spi_lite_baseline,20260805T214145Z,spi_lite_baseline,False,current,Houston Dash,Utah Royals,1.1649009108007453,1.8436902158438855,0.23965057531216627,0.22790093614272175,0.532448488545112,4.172741912667686,4.387871401167722,1.8781159520847706,0.5791598913250162,False,0.07613062144978111,low,0.8,high,0.9238693785502189,contextual_features_available,0,0,0,0,0,no_bet,none,none,none,none,0.8021045488573797,0.19789545114262025,1.2467202703494549,5.053173249946585,0.5786751095418838,0.4213248904581161,1.7280853859286671,2.373465282131035,0.3546058333566219,0.6453941666433781,2.8200325711909953,1.5494407165172976,0.18607262433545585,0.8139273756645442,5.374245693429775,1.2286108440369556,,,,,,,,,,
401854001,2026-09-13,2026-08-05T21:41:54.959180+00:00,spi_lite_baseline,20260805T214145Z,spi_lite_baseline,False,current,Portland Thorns FC,Chicago Stars FC,2.4289510220235946,1.0175476083866328,0.6841036363271078,0.17505206265918233,0.1408443010137099,1.4617668243497608,5.7125862146905995,7.1000387861107646,0.5821942540873022,False,0.23463047769031298,medium,0.8,high,0.765369522309687,contextual_features_available,0,0,0,0,0,no_bet,none,none,none,none,0.8582150480882788,0.14178495191172133,1.165209118888739,7.052934648682772,0.6688332645928642,0.3311667354071359,1.4951409460902418,3.019626952479395,0.4512652454456666,0.5487347545543335,2.215991614892493,1.822374091854581,0.263803275442696,0.7361967245573041,3.7907035017737014,1.358332585086314,,,,,,,,,,
401854083,2026-09-13,2026-08-05T21:41:54.959180+00:00,spi_lite_baseline,20260805T214145Z,spi_lite_baseline,False,current,Washington Spirit,Boston Legacy FC,1.2218087423062534,1.2035390708158473,0.36696131339699656,0.2748994142412625,0.35813927236174087,2.7250828997283194,3.6376941826524254,2.7922098389420515,0.4936183393064014,False,0.007275802995626135,low,0.8,high,0.9927241970043739,contextual_features_available,0,0,0,0,0,no_bet,none,none,none,none,0.6970338565467606,0.30296614345323936,1.4346505418749553,3.300698845758463,0.4368936484736214,0.5631063515263787,2.288886559678099,1.77586347106432,0.22658348688851584,0.7734165131114842,4.4133842837895,1.292964376952545,0.09906466426906801,0.900935335730932,10.094416686094199,1.1099575744675354,,,,,,,,,,
401854002,2026-09-17,2026-08-05T21:41:54.959180+00:00,spi_lite_baseline,20260805T214145Z,spi_lite_baseline,False,current,Angel City FC,Seattle Reign FC,2.0238813604056705,1.0992336654747932,0.5872870972327349,0.21198792741645162,0.20072497535081357,1.7027447132960116,4.717249761282367,4.98194107759768,0.5787284780858408,False,0.12275892089139762,low,0.8,high,0.8772410791086024,contextual_features_available,0,0,0,0,0,no_bet,none,none,none,none,0.8184537633219442,0.18154623667805603,1.2218161181655456,5.508238663042871,0.6037163270309588,0.39628367296904143,1.6564070826408503,2.5234448659158417,0.38016642239781684,0.6198335776021832,2.6304269422131443,1.6133362827300917,0.20562340584933947,0.7943765941506606,4.863259587931839,1.2588487719344121,,,,,,,,,,
401854084,2026-09-17,2026-08-05T21:41:54.959180+00:00,spi_lite_baseline,20260805T214145Z,spi_lite_baseline,False,current,Denver Summit FC,Bay FC,1.760168012128798,1.33905707020735,0.47409947223196625,0.23304053999457738,0.2928599877734565,2.1092619978929705,4.291098879290569,3.414600975717979,0.6109611797356005,False,0.0415892145793848,low,0.8,high,0.9584107854206152,contextual_features_available,0,0,0,0,0,no_bet,none,none,none,none,0.8151707156639288,0.18482928433607113,1.2267369040428961,5.410398052408846,0.5986271632312616,0.4013728367687384,1.6704888475194033,2.4914491176097613,0.37492142685876323,0.6250785731412368,2.6672255261012605,1.599798878042888,0.20159281955173194,0.7984071804482681,4.960494139739853,1.2524937456581329,,,,,,,,,,
401854003,2026-09-19,2026-08-05T21:41:54.959180+00:00,spi_lite_baseline,20260805T214145Z,spi_lite_baseline,False,current,San Diego Wave FC,Kansas City Current,1.5270722308735831,1.3017110202022473,0.4259919698105925,0.24953787596180194,0.3244701542276055,2.347462090528671,4.007407677674852,3.081947559646832,0.5698412594768439,False,0.021383968961074973,low,0.8,high,0.978616031038925,contextual_features_available,0,0,0,0,0,no_bet,none,none,none,none,0.7737682013151508,0.22623179868484916,1.2923767070038932,4.42024510176416,0.5373601761279277,0.46263982387207225,1.860949218838154,2.161508690779108,0.3144444887714179,0.6855555112285822,3.1802115658224794,1.4586710829702219,0.15679944807238008,0.84320055192762,6.377573469125929,1.1859574779854267,,,,,,,,,,
401854004,2026-09-19,2026-08-05T21:41:54.959180+00:00,spi_lite_baseline,20260805T214145Z,spi_lite_baseline,False,current,Orlando Pride,Portland Thorns FC,1.4982604817069956,1.226761261354688,0.4350688937158803,0.25408651082391037,0.3108445954602093,2.298486548783341,3.9356674101169826,3.2170416169516716,0.5487797086801042,False,0.022935019603202877,low,0.8,high,0.9770649803967971,contextual_features_available,0,0,0,0,0,no_bet,none,none,none,none,0.7558361535956983,0.24416384640430167,1.3230380622079987,4.0956104465365355,0.5124687022797872,0.48753129772021264,1.9513386779550888,2.0511503665019797,0.2914081701499996,0.7085918298500005,3.4316127769693603,1.4112496897003268,0.14080948100338508,0.8591905189966149,7.101794516066428,1.1638862136977792,,,,,,,,,,
401854005,2026-09-19,2026-08-05T21:41:54.959180+00:00,spi_lite_baseline,20260805T214145Z,spi_lite_baseline,False,current,North Carolina Courage,Gotham FC,1.7175603608592127,1.2922169906866097,0.47436649923374646,0.23671098016266082,0.2889225206035927,2.1080746671936565,4.224561105331191,3.4611355248835705,0.595125886914242,False,0.04099339127925716,low,0.8,high,0.9590066087207428,contextual_features_available,0,0,0,0,0,no_bet,none,none,none,none,0.8022903045947467,0.19770969540525332,1.2464316149316057,5.057920897355391,0.5789606200290809,0.4210393799709191,1.7272331923884054,2.3750747497040994,0.3549030778512098,0.6450969221487902,2.817670689289547,1.55015465996806,0.18631224887871492,0.813687751121285,5.367333634896853,1.2289726601168216,,,,,,,,,,
401854006,2026-09-20,2026-08-05T21:41:54.959180+00:00,spi_lite_baseline,20260805T214145Z,spi_lite_baseline,False,current,Chicago Stars FC,Washington Spirit,0.9029325800128614,1.9366053365185731,0.16931823592736772,0.21508733139027536,0.615594432682357,5.906038381057602,4.649274290290499,1.6244461400384267,0.5088646724487369,False,0.15357022205641713,low,0.8,high,0.8464297779435829,contextual_features_available,0,0,0,0,0,no_bet,none,none,none,none,0.7755264686785053,0.22447353132149475,1.2894466409431478,4.454868215922452,0.539830840634498,0.46016915936550196,1.8524321411956297,2.1731139074570676,0.31674194977061537,0.6832580502293847,3.1571441696440914,1.4635758768803062,0.15837460867938083,0.8416253913206192,6.314143462380611,1.1881770801031448,,,,,,,,,,
401854007,2026-09-20,2026-08-05T21:41:54.959180+00:00,spi_lite_baseline,20260805T214145Z,spi_lite_baseline,False,current,Bay FC,Racing Louisville FC,1.6448931260548794,1.417674337209978,0.4301270427778578,0.23853551120177907,0.3313374460203631,2.3248945091705315,4.192247917141747,3.0180711899932455,0.6114457664395283,False,0.025346311102882213,low,0.8,high,0.9746536888971178,contextual_features_available,0,0,0,0,0,no_bet,none,none,none,none,0.8099899692923931,0.19001003070760702,1.2345831898061645,5.262880050468647,0.5906502541903915,0.4093497458096086,1.693049301012673,2.4428987931144506,0.366736029232667,0.6332639707673331,2.726756904938766,1.5791203134267826,0.19529792425324322,0.8047020757467568,5.120382122972787,1.2426959369677384,,,,,,,,,,
401854008,2026-09-20,2026-08-05T21:41:54.959180+00:00,spi_lite_baseline,20260805T214145Z,spi_lite_baseline,False,current,Utah Royals,Angel City FC,1.4786600386095778,1.5600777453752641,0.36169113950388776,0.2410327277828858,0.3972761327132266,2.764789873956122,4.1488141846893365,2.51714089434577,0.6098221037956657,False,0.019209122880375684,low,0.8,high,0.9807908771196243,contextual_features_available,0,0,0,0,0,no_bet,none,none,none,none,0.8065513694441292,0.19344863055587092,1.2398466333138762,5.169330985319045,0.5854067086352007,0.41459329136479944,1.708214110376988,2.4120023667245087,0.3614064964596663,0.6385935035403337,2.7669674170110055,1.5659413922253278,0.19123701937006196,0.8087629806299381,5.229113083303731,1.2364561978604771,,,,,,,,,,
401854085,2026-09-20,2026-08-05T21:41:54.959180+00:00,spi_lite_baseline,20260805T214145Z,spi_lite_baseline,False,current,Denver Summit FC,Seattle Reign FC,1.865826877358977,1.340457363050925,0.4980118518224101,0.22584823651771765,0.2761399116598722,2.0079843408156433,4.427752084402707,3.6213526468847532,0.6239938094754801,False,0.05465514201705013,low,0.8,high,0.9453448579829499,contextual_features_available,0,0,0,0,0,no_bet,none,none,none,none,0.8295903266749394,0.17040967332506068,1.2054142482688721,5.868211472317508,0.621347681294893,0.3786523187051069,1.6094048953654945,2.6409451377974964,0.3987859772737895,0.6012140227262103,2.5076107410703723,1.663301190922812,0.22038695624338034,0.7796130437566194,4.537473619335566,1.2826876204910975,,,,,,,,,,
401854086,2026-09-20,2026-08-05T21:41:54.959180+00:00,spi_lite_baseline,20260805T214145Z,spi_lite_baseline,False,current,Boston Legacy FC,Houston Dash,1.8848318248932552,1.0113585432408911,0.5779038541610801,0.22272721375790874,0.19936893208101109,1.730391643522883,4.489797107087869,5.01582663638717,0.5396388604345033,False,0.11443947081952865,low,0.8,high,0.8855605291804713,contextual_features_available,0,0,0,0,0,no_bet,none,none,none,none,0.7847673530120541,0.2152326469879459,1.2742629980233644,4.6461353051891106,0.5530854069506035,0.4469145930493965,1.8080390251361502,2.2375639899712834,0.3294204000660207,0.6705795999339792,3.0356347081103214,1.4912472734011792,0.1674762904090742,0.8325237095909257,5.970994446780618,1.2011669919783625,,,,,,,,,,
401854009,2026-09-25,2026-08-05T21:41:54.959180+00:00,spi_lite_baseline,20260805T214145Z,spi_lite_baseline,False,current,Racing Louisville FC,San Diego Wave FC,1.1055557958503244,1.9690677323212538,0.2091226800662056,0.21679514990927118,0.5740821700245233,4.781882097548734,4.612649316271606,1.7419109183573538,0.5755727178244241,False,0.11043689259291112,low,0.8,high,0.8895631074070889,contextual_features_available,0,0,0,0,0,no_bet,none,none,none,none,0.8116833736047459,0.18831662639525434,1.2320074951873488,5.3102055784555,0.5932318522522794,0.40676814774772074,1.6856815698674543,2.4584029146259603,0.36934645648055636,0.6306535435194438,2.7074850251139293,1.5856566735824085,0.19725563011712,0.8027443698828801,5.069563790935917,1.245726581858057,,,,,,,,,,
401854010,2026-09-26,2026-08-05T21:41:54.959180+00:00,spi_lite_baseline,20260805T214145Z,spi_lite_baseline,False,current,Gotham FC,Chicago Stars FC,2.571819980142565,0.8114909581088653,0.7526314800577103,0.1517041561807563,0.09566436376153337,1.3286715032479401,6.591777214122563,10.453213304096629,0.5132844049702959,False,0.34054508267524497,medium,0.8,high,0.659454917324755,contextual_features_available,0,0,0,0,0,no_bet,none,none,none,none,0.8510468931740222,0.14895310682597776,1.175023383576961,6.7135222709272,0.656555173285066,0.3434448267149338,1.523101242194943,2.9116758274248817,0.43721318551852,0.5627868144814799,2.287213728044441,1.7768717643488923,0.25168764891142836,0.7483123510885716,3.9731786773212336,1.3363403644818874,,,,,,,,,,
401854011,2026-09-26,2026-08-05T21:41:54.959180+00:00,spi_lite_baseline,20260805T214145Z,spi_lite_baseline,False,current,Washington Spirit,Angel City FC,1.18085448301233,1.388285014268261,0.3192171857140985,0.264052123188871,0.41673069109703065,3.132663417738521,3.787131070651232,2.399631275938739,0.5200786909454695,False,0.016128205541313778,low,0.8,high,0.9838717944586862,contextual_features_available,0,0,0,0,0,no_bet,none,none,none,none,0.7265934592250306,0.2734065407749696,1.3762854417469972,3.6575569741876124,0.4737854935741692,0.526214506425831,2.1106598103207945,1.9003657021776692,0.25728585031390816,0.7427141496860921,3.8867275397380947,1.346413018282538,0.11823140415213451,0.8817685958478656,8.457989712388494,1.1340843898375048,,,,,,,,,,
401854087,2026-09-26,2026-08-05T21:41:54.959180+00:00,spi_lite_baseline,20260805T214145Z,spi_lite_baseline,False,current,Seattle Reign FC,Boston Legacy FC,1.2497633053580504,1.6001467214607223,0.29857545055942464,0.24598223630896093,0.45544231313161443,3.3492371798363,4.065334208702659,2.1956677523526857,0.5694019364792064,False,0.03142711203950388,low,0.8,high,0.9685728879604961,contextual_features_available,0,0,0,0,0,no_bet,none,none,none,none,0.7772729256626101,0.22272707433738992,1.2865493792254752,4.489799917567214,0.5423341315654222,0.45766586843457785,1.843881735994647,2.1850001692729406,0.3191493232366599,0.6808506767633402,3.133329533205579,1.4687508349904956,0.16013516746421838,0.8398648325357816,6.244724477672566,1.1906677851729148,,,,,,,,,,
401854088,2026-09-26,2026-08-05T21:41:54.959180+00:00,spi_lite_baseline,20260805T214145Z,spi_lite_baseline,False,current,Kansas City Current,Denver Summit FC,1.968156358184681,1.2521367720564616,0.540324833277431,0.21850867402584323,0.24116649269672566,1.850738552833732,4.576477361634298,4.146513011894778,0.6143131261455371,False,0.08251948504230544,low,0.8,high,0.9174805149576946,contextual_features_available,0,0,0,0,0,no_bet,none,none,none,none,0.8313905791640027,0.16860942083599703,1.202804103223711,5.9308667038995395,0.6242333778235974,0.37576662217640233,1.6019649629863124,2.661226253167727,0.4018644070381013,0.5981355929618986,2.48840151674639,1.6718617179227124,0.2228410897882697,0.7771589102117302,4.487502735470107,1.2867381263473627,,,,,,,,,,
401854012,2026-09-27,2026-08-05T21:41:54.959180+00:00,spi_lite_baseline,20260805T214145Z,spi_lite_baseline,False,current,Portland Thorns FC,Houston Dash,1.857043352828738,1.144044980458493,0.5403065845961931,0.22670952290556437,0.23298389249824264,1.8508010609335186,4.410930723966761,4.2921422132542615,0.5750557615056716,False,0.08203576910959065,low,0.8,high,0.9179642308904093,contextual_features_available,0,0,0,0,0,no_bet,none,none,none,none,0.800986060882872,0.19901393911712806,1.2484611765874782,5.0247736637756715,0.5769938493344183,0.4230061506655818,1.733120727636063,2.3640318194582832,0.35292037839266177,0.6470796216073383,2.83350030552045,1.5454048723030582,0.1848043085320414,0.8151956914679586,5.411129253118142,1.2266993195207598,,,,,,,,,,
401854013,2026-09-27,2026-08-05T21:41:54.959180+00:00,spi_lite_baseline,20260805T214145Z,spi_lite_baseline,False,current,Bay FC,Orlando Pride,1.2025895699967544,1.4203615585364286,0.3189184296521841,0.2607285918511241,0.4203529784966917,3.1355980307899136,3.8354059786852965,2.378953049354616,0.5305422270586653,False,0.01761461418342747,low,0.8,high,0.9823853858165725,contextual_features_available,0,0,0,0,0,no_bet,none,none,none,none,0.7370099409909837,0.26299005900901623,1.356833801529732,3.802425094576356,0.4873049294105538,0.512695070589446,2.052103189700142,1.9504771107908236,0.26898358210212725,0.7310164178978725,3.717699021571962,1.3679583324210731,0.1258220260257467,0.8741779739742532,7.947734046146833,1.1439318191165642,,,,,,,,,,
401854014,2026-09-27,2026-08-05T21:41:54.959180+00:00,spi_lite_baseline,20260805T214145Z,spi_lite_baseline,False,current,Utah Royals,North Carolina Courage,1.4866644895294454,1.7833333801154816,0.323028814318281,0.22889256382398296,0.44807862185773595,3.0956990697885476,4.368861894390742,2.231751195479926,0.6437857202827126,False,0.03310642141174103,low,0.8,high,0.966893578588259,contextual_features_available,0,0,0,0,0,no_bet,none,none,none,none,0.8376914636376209,0.16230853636237894,1.1937569420339618,6.1611054009343365,0.6344657548567573,0.3655342451432425,1.5761291958551318,2.7357217915605374,0.4129498765999226,0.5870501234000772,2.4216014016849505,1.7034320582511753,0.23186076410182901,0.7681392358981709,4.312933254894382,1.3018473126564334,,,,,,,,,,
401854015,2026-10-03,2026-08-05T21:41:54.959180+00:00,spi_lite_baseline,20260805T214145Z,spi_lite_baseline,False,current,Orlando Pride,San Diego Wave FC,1.1126155930174368,1.4764766509682539,0.28540299000217706,0.25936654984946117,0.4552304601483619,3.50381753180782,3.8555472962122894,2.196689561753172,0.5179444839607789,False,0.02957918654338776,low,0.8,high,0.9704208134566122,contextual_features_available,0,0,0,0,0,no_bet,none,none,none,none,0.7304942911412168,0.2695057088587833,1.3689360918040128,3.710496539143756,0.478814467728524,0.521185532271476,2.088491612928821,1.9187025312113197,0.2616070414733603,0.7383929585266397,3.8225270786598116,1.354292437993126,0.12101452581002574,0.8789854741899742,8.263470796636817,1.1376752282755824,,,,,,,,,,
401854016,2026-10-03,2026-08-05T21:41:54.959180+00:00,spi_lite_baseline,20260805T214145Z,spi_lite_baseline,False,current,Seattle Reign FC,North Carolina Courage,1.2166502304244282,2.1090704743311783,0.2144404603096165,0.20730480338363766,0.578254736306746,4.663299074046781,4.823814902877108,1.729341650337182,0.6183439822871643,False,0.11422777847940069,low,0.8,high,0.8857722215205993,contextual_features_available,0,0,0,0,0,no_bet,none,none,none,none,0.8444500850347934,0.15554991496520684,1.184202616260969,6.428804543054095,0.6455876030514159,0.3544123969485842,1.5489764600085698,2.8215717300235226,0.4251339118076803,0.5748660881923198,2.3522000297458616,1.7395355553926029,0.2418420604554076,0.7581579395445925,4.134930037053611,1.3189863850804968,,,,,,,,,,
401854017,2026-10-03,2026-08-05T21:41:54.959180+00:00,spi_lite_baseline,20260805T214145Z,spi_lite_baseline,False,current,Racing Louisville FC,Utah Royals,1.3927371090358975,1.8176605255492657,0.2957586455955856,0.2284948074235024,0.475746546980912,3.381135310469942,4.376467068446574,2.101959554611591,0.6295231724578882,False,0.043313056437217945,low,0.8,high,0.956686943562782,contextual_features_available,0,0,0,0,0,no_bet,none,none,none,none,0.830127465442636,0.16987253455736406,1.204634278022334,5.886766819637409,0.6222115611583589,0.37778843884164126,1.6071703941635542,2.6469841244114223,0.3997139853893991,0.6002860146106008,2.5017888704239497,1.6658725601806488,0.221137562651999,0.7788624373480011,4.522072089460829,1.2839237740170966,,,,,,,,,,
401854018,2026-10-03,2026-08-05T21:41:54.959180+00:00,spi_lite_baseline,20260805T214145Z,spi_lite_baseline,False,current,Kansas City Current,Bay FC,1.97484642736755,1.047298286752997,0.5890132096484615,0.2151880445501763,0.19579874580136228,1.6977547933039163,4.647098318544486,5.107285013023012,0.5590095692264117,False,0.12468438728429942,low,0.8,high,0.8753156127157006,contextual_features_available,0,0,0,0,0,no_bet,none,none,none,none,0.8040922024058986,0.19590779759410146,1.2436384745529578,5.104442050192844,0.5816615951729305,0.4183384048270695,1.719212697380675,2.3904092678590545,0.3575891005370178,0.6424108994629822,2.796505817705927,1.556636104455795,0.18829422422608577,0.8117057757739143,5.310837356324298,1.2319734931620487,,,,,,,,,,
401854019,2026-10-04,2026-08-05T21:41:54.959180+00:00,spi_lite_baseline,20260805T214145Z,spi_lite_baseline,False,current,Gotham FC,Angel City FC,1.4105598188676307,1.3609633889039752,0.3841851495905306,0.2542199425646577,0.36159490784481185,2.602911645767185,3.933601706898594,2.765525670591514,0.5621406857466443,False,0.013740261954437782,low,0.8,high,0.9862597380455622,contextual_features_available,0,0,0,0,0,no_bet,none,none,none,none,0.764021342879082,0.23597865712091814,1.3088639595219596,4.237671373337753,0.5237162448404196,0.47628375515958055,1.9094309367942326,2.0995887203101153,0.30171252612042504,0.6982874738795751,3.3144132690097914,1.4320749510859154,0.1478904114594088,0.8521095885405914,6.761763593270333,1.1735579712378317,,,,,,,,,,
401854020,2026-10-04,2026-08-05T21:41:54.959180+00:00,spi_lite_baseline,20260805T214145Z,spi_lite_baseline,False,current,Houston Dash,Washington Spirit,1.0237986884041095,1.4831089653229157,0.26116546389739487,0.2610216244183582,0.4778129116842469,3.828990192948613,3.8311002095260425,2.092869354398757,0.4953570419090134,False,0.040503349106733255,low,0.8,high,0.9594966508932667,contextual_features_available,0,0,0,0,0,no_bet,none,none,none,none,0.7141094481258378,0.28589055187416207,1.4003455669498208,3.497842070836119,0.457943056996747,0.5420569430032529,2.18367760952232,1.844824631263876,0.24388122814703075,0.7561187718529692,4.1003565858587585,1.322543543720476,0.10972291886849113,0.8902770811315087,9.113866185045207,1.1232458087419679,,,,,,,,,,
401854089,2026-10-04,2026-08-05T21:41:54.959180+00:00,spi_lite_baseline,20260805T214145Z,spi_lite_baseline,False,current,Portland Thorns FC,Boston Legacy FC,1.3949450364629445,1.451313831887405,0.36214918536583274,0.2503289375546968,0.38752187707947056,2.7612929709888165,3.9947439148200763,2.580499474084985,0.5759453687705459,False,0.015212943818608049,low,0.8,high,0.984787056181392,contextual_features_available,0,0,0,0,0,no_bet,none,none,none,none,0.7766735234662391,0.2233264765337611,1.2875422810051136,4.477749416553511,0.5414826303294717,0.4585173696705285,1.8467813074475496,2.180942459646749,0.3183445752142171,0.681655424785783,3.141250323889108,1.4670168587219268,0.15956740815465656,0.8404325918453436,6.2669439302465575,1.1898634223647766,,,,,,,,,,
401854090,2026-10-04,2026-08-05T21:41:54.959180+00:00,spi_lite_baseline,20260805T214145Z,spi_lite_baseline,False,current,Chicago Stars FC,Denver Summit FC,1.1624861192870721,2.3572359158790945,0.17428804279695237,0.18662834365789188,0.6390836135451559,5.737628261538354,5.358242914233319,1.5647404796576634,0.6221676674774363,False,0.1772340381775872,low,0.8,high,0.8227659618224128,contextual_features_available,0,0,0,0,0,no_bet,none,none,none,none,0.8660791404167996,0.13392085958320046,1.1546288939816183,7.467096635373178,0.6825423045250689,0.3174576954749311,1.4651106508274627,3.150026016864876,0.46720942267413534,0.5327905773258648,2.1403677911210925,1.8769100704053576,0.27773145038749436,0.7222685496125058,3.6006005031291473,1.38452657330365,,,,,,,,,,
401854021,2026-10-17,2026-08-05T21:41:54.959180+00:00,spi_lite_baseline,20260805T214145Z,spi_lite_baseline,False,current,Washington Spirit,Gotham FC,1.1113135134721492,1.2326422012181995,0.3303603685624009,0.2798654919599013,0.389774139477698,3.0269974705247145,3.57314505978207,2.56558837212754,0.47529789027068264,False,0.008265487722188936,low,0.8,high,0.9917345122778111,contextual_features_available,0,0,0,0,0,no_bet,none,none,none,none,0.6791535498939091,0.32084645010609114,1.472421074963402,3.116755693165188,0.4155777520156563,0.584422247984344,2.406288582942059,1.7110916010623691,0.20964108611872326,0.790358913881277,4.770057332338391,1.2652479556271747,0.08896447989537491,0.9110355201046253,11.240441142083133,1.0976520431224874,,,,,,,,,,
401854022,2026-10-17,2026-08-05T21:41:54.959180+00:00,spi_lite_baseline,20260805T214145Z,spi_lite_baseline,False,current,Utah Royals,Kansas City Current,1.395777182695855,1.6119092931526988,0.3320544083355671,0.24113768786405548,0.4268079038003774,3.011554657601237,4.147008328966657,2.3429744179894816,0.6022486552644241,False,0.023804843409558463,low,0.8,high,0.9761951565904415,contextual_features_available,0,0,0,0,0,no_bet,none,none,none,none,0.8019841949545071,0.19801580504549288,1.246907365869879,5.050101933884805,0.578502865068165,0.421497134931835,1.7285999091502686,2.3724953674043863,0.35444894056689824,0.6455510594331018,2.8212808265151557,1.5490641451013367,0.18597795092108496,0.814022049078915,5.37698149187763,1.2284679525960303,,,,,,,,,,
401854023,2026-10-17,2026-08-05T21:41:54.959180+00:00,spi_lite_baseline,20260805T214145Z,spi_lite_baseline,False,current,North Carolina Courage,San Diego Wave FC,1.576779690155524,1.4810286486002318,0.40081511653175933,0.24009753550278728,0.35908734796545316,2.4949158820479846,4.164974029849595,2.7848377439803516,0.6129364278785391,False,0.019881411428152918,low,0.8,high,0.9801185885718471,contextual_features_available,0,0,0,0,0,no_bet,none,none,none,none,0.8093087338295021,0.19069126617049778,1.2356223999562954,5.244078662238763,0.589608864909842,0.41039113509015784,1.6960396281574084,2.4366998078072823,0.36567550117448094,0.6343244988255189,2.7346650152613123,1.576480179863061,0.19448917443557776,0.8055108255644221,5.141674352323595,1.2414482440993877,,,,,,,,,,
401854091,2026-10-17,2026-08-05T21:41:54.959180+00:00,spi_lite_baseline,20260805T214145Z,spi_lite_baseline,False,current,Boston Legacy FC,Racing Louisville FC,1.8557244884711595,1.2089548495940006,0.525085272756777,0.2270130362031353,0.2479016910400878,1.904452575388087,4.405033370441257,4.033857114102104,0.5918036900966386,False,0.07099675353777235,low,0.8,high,0.9290032464622276,contextual_features_available,0,0,0,0,0,no_bet,none,none,none,none,0.8102792181066143,0.1897207818933857,1.2341424754008967,5.270903851545128,0.5910851984216361,0.4089148015783639,1.6918034873319134,2.4454971943791604,0.36716540403630266,0.6328345959636974,2.72356814941401,1.5801917379013917,0.19560481222716997,0.80439518777283,5.11234866164043,1.2431700427855008,,,,,,,,,,
401854024,2026-10-18,2026-08-05T21:41:54.959180+00:00,spi_lite_baseline,20260805T214145Z,spi_lite_baseline,False,current,Houston Dash,Orlando Pride,1.0602457379803212,1.6074599078150713,0.25044707373933073,0.24875934896203103,0.5007935772986383,3.992859589331101,4.019949417670462,1.996830720941275,0.5226379638142807,False,0.054109804511812465,low,0.8,high,0.9458901954881875,contextual_features_available,0,0,0,0,0,no_bet,none,none,none,none,0.745407368031375,0.254592631968625,1.3415483169169706,3.9278434425519273,0.4984072406899673,0.5015927593100327,2.0063913971547755,1.9936491933726332,0.2787660292830159,0.721233970716984,3.5872376651200732,1.3865126167114572,0.13228150435310007,0.8677184956469,7.559635830347771,1.1524474873092128,,,,,,,,,,
401854025,2026-10-18,2026-08-05T21:41:54.959180+00:00,spi_lite_baseline,20260805T214145Z,spi_lite_baseline,False,current,Bay FC,Portland Thorns FC,1.4063747013757144,1.4871339215478991,0.35802924013801746,0.24786080768266328,0.3941099521793192,2.7930679617522522,4.034522477955862,2.5373629731253327,0.5843244287502973,False,0.016531851500157013,low,0.8,high,0.983468148499843,contextual_features_available,0,0,0,0,0,no_bet,none,none,none,none,0.7843621885787234,0.21563781142127658,1.2749212220594361,4.637405626633678,0.5525141955938941,0.44748580440610586,1.809908248466098,2.234707760902449,0.3288961399575151,0.6711038600424848,3.040473506709973,1.490082324868008,0.1671359469011964,0.8328640530988035,5.983153346366339,1.2006761442991092,,,,,,,,,,
401854026,2026-10-18,2026-08-05T21:41:54.959180+00:00,spi_lite_baseline,20260805T214145Z,spi_lite_baseline,False,current,Chicago Stars FC,Seattle Reign FC,1.2411558582605025,2.000765898421738,0.2341824576320286,0.21595265533589414,0.5498648870320774,4.270174675386241,4.630644612563775,1.818628582373297,0.614782626326809,False,0.08993687411044493,low,0.8,high,0.9100631258895551,contextual_features_available,0,0,0,0,0,no_bet,none,none,none,none,0.8341482340642604,0.16585176593573955,1.1988276893276535,6.02948056873544,0.6286857621164944,0.3713142378835055,1.590619766277929,2.6931366965619445,0.4066546761201023,0.5933453238798978,2.459088899557269,1.6853591993629924,0.22670282403222977,0.7732971759677703,4.411061063173313,1.293163910431348,,,,,,,,,,
401854092,2026-10-18,2026-08-05T21:41:54.959180+00:00,spi_lite_baseline,20260805T214145Z,spi_lite_baseline,False,current,Denver Summit FC,Angel City FC,1.4521933969307068,1.7316857588198429,0.32405713072507164,0.23259895311763348,0.44334391615729496,3.085875622494463,4.299245489270387,2.2555852545977144,0.6303671797277278,False,0.03058547041128712,low,0.8,high,0.9694145295887129,contextual_features_available,0,0,0,0,0,no_bet,none,none,none,none,0.8266662572820744,0.1733337427179259,1.2096780184155753,5.7692171432964825,0.6166818057539684,0.383318194246032,1.6215818119968346,2.6087986821678286,0.39382676633661856,0.6061732336633815,2.539187494293525,1.6496934283233584,0.21644088764790206,0.7835591123520981,4.6201991262702755,1.2762278993836047,,,,,,,,,,
401854027,2026-10-24,2026-08-05T21:41:54.959180+00:00,spi_lite_baseline,20260805T214145Z,spi_lite_baseline,False,current,Chicago Stars FC,Houston Dash,1.325071631938484,1.7796400352831954,0.2864104675745263,0.23191292506377445,0.48167660736169926,3.4914925018925573,4.311963206556974,2.0760817210479203,0.6103398241716207,False,0.04526860462351878,low,0.8,high,0.9547313953764812,contextual_features_available,0,0,0,0,0,no_bet,none,none,none,none,0.8159346987952664,0.18406530120473347,1.225588274988804,5.432854500304285,0.5998112835347698,0.4001887164652301,1.6671910440011457,2.498821078297153,0.3761443205617499,0.6238556794382499,2.6585540318847762,1.6029348340636231,0.2025389631831564,0.7974610368168435,4.93732161103095,1.2539797605555925,,,,,,,,,,
401854028,2026-10-24,2026-08-05T21:41:54.959180+00:00,spi_lite_baseline,20260805T214145Z,spi_lite_baseline,False,current,Utah Royals,Seattle Reign FC,1.9024986067012806,1.1984184522195438,0.5380063385888284,0.22328984713657954,0.2387038142745918,1.8587141605486743,4.478483965230764,4.1892920858384555,0.5941231635935471,False,0.080450984311916,low,0.8,high,0.919549015688084,contextual_features_available,0,0,0,0,0,no_bet,none,none,none,none,0.8153949478617707,0.18460505213822923,1.2263995535198293,5.416969841384495,0.5989672194052055,0.4010327805947944,1.6695404482953733,2.4935617445457785,0.37525907434038985,0.62474092565961,2.6648256321522563,1.6006635053469345,0.2018339735276346,0.7981660264723653,4.954567273893969,1.252872167986998,,,,,,,,,,
401854029,2026-10-24,2026-08-05T21:41:54.959180+00:00,spi_lite_baseline,20260805T214145Z,spi_lite_baseline,False,current,Portland Thorns FC,North Carolina Courage,1.357840225938378,1.9174850232496055,0.2719940085532139,0.2222331542652853,0.5057728371815008,3.676551573026126,4.499778637017746,1.9771722134637721,0.6335908253503604,False,0.059592371282105594,low,0.8,high,0.9404076287178944,contextual_features_available,0,0,0,0,0,no_bet,none,none,none,none,0.8383428324063036,0.16165716759369653,1.1928294265124093,6.1859304779690625,0.635525682161176,0.3644743178388241,1.5735005336045405,2.743677540655182,0.41409497110576965,0.5859050288942305,2.414904960882938,1.7067612508588372,0.23278057138941424,0.7672194286105858,4.295891164933686,1.3034080768926481,,,,,,,,,,
401854093,2026-10-24,2026-08-05T21:41:54.959180+00:00,spi_lite_baseline,20260805T214145Z,spi_lite_baseline,False,current,Denver Summit FC,Racing Louisville FC,1.9687974245584765,1.4190894985607727,0.5038269383884887,0.21859823090988778,0.2775748307016236,1.9848085201607946,4.574602437712442,3.60263211715669,0.6521949238813401,False,0.059244565553416284,low,0.8,high,0.9407554344465837,contextual_features_available,0,0,0,0,0,no_bet,none,none,none,none,0.8517431707042867,0.1482568292957134,1.1740628330170504,6.745051845169289,0.6578390234036171,0.34216097659638295,1.5201287312298135,2.922600963872077,0.4388639150774414,0.5611360849225586,2.278610670971983,1.782098900551028,0.25339818858072355,0.7466018114192765,3.9463581235563407,1.3394020543548082,,,,,,,,,,
401854030,2026-10-25,2026-08-05T21:41:54.959180+00:00,spi_lite_baseline,20260805T214145Z,spi_lite_baseline,False,current,Angel City FC,Bay FC,1.912051696238334,1.1036287845971189,0.5620507139926566,0.22167042077848287,0.21627886522886045,1.7791988785073678,4.511201794484382,4.623660286648106,0.5695526203748636,False,0.09981269648924973,low,0.8,high,0.9001873035107503,contextual_features_available,0,0,0,0,0,no_bet,none,none,none,none,0.8031473834747272,0.19685261652527278,1.2451014852013984,5.079942637549935,0.5802409021222653,0.4197590978777347,1.7234221102690988,2.3823188230008894,0.35616932716682154,0.6438306728331784,2.8076533371208097,1.5532034154252043,0.18723725844102404,0.8127627415589759,5.340817358287586,1.2303713603823432,,,,,,,,,,
401854031,2026-10-25,2026-08-05T21:41:54.959180+00:00,spi_lite_baseline,20260805T214145Z,spi_lite_baseline,False,current,Orlando Pride,Gotham FC,1.2089471227485364,1.2822124606456846,0.34732323369951396,0.27039012687830494,0.38228663942218105,2.8791624140674337,3.6983598903745185,2.6158382137327134,0.5068769301318614,False,0.009172330655298544,low,0.8,high,0.9908276693447015,contextual_features_available,0,0,0,0,0,no_bet,none,none,none,none,0.7108796640347896,0.2891203359652103,1.4067078446501475,3.4587674252022502,0.45390989060578724,0.5460901093942127,2.2030804366598002,1.8311996185195838,0.24052565269902038,0.7594743473009796,4.157560695828736,1.3167001671008383,0.10763210539734164,0.8923678946026583,9.290908101335893,1.1206140494837802,,,,,,,,,,
401854032,2026-10-25,2026-08-05T21:41:54.959180+00:00,spi_lite_baseline,20260805T214145Z,spi_lite_baseline,False,current,Kansas City Current,Washington Spirit,1.5738500651191978,1.0278331342308802,0.5001259754630862,0.25227434915298796,0.24759967538392605,1.999496225074214,3.9639384795065515,4.038777508287958,0.5091158181221167,False,0.05370477657503114,low,0.8,high,0.9462952234249689,contextual_features_available,0,0,0,0,0,no_bet,none,none,none,none,0.7329289266495389,0.26707107335046104,1.3643887744632095,3.7443216423807946,0.48197143143073745,0.5180285685692627,2.07481177262206,1.9303954659525608,0.2643341317434928,0.7356658682565074,3.7830907170565093,1.359312757529382,0.12277830520643726,0.8772216947935629,8.144761391832358,1.139962686667628,,,,,,,,,,
401854094,2026-10-25,2026-08-05T21:41:54.959180+00:00,spi_lite_baseline,20260805T214145Z,spi_lite_baseline,False,current,San Diego Wave FC,Boston Legacy FC,1.6716396952726695,1.0897389641524706,0.509567293922706,0.2427058992579066,0.24772680681938744,1.9624493406982384,4.120212994647361,4.036704839654594,0.5389531557873247,False,0.05983169900652918,low,0.8,high,0.9401683009934708,contextual_features_available,0,0,0,0,0,no_bet,none,none,none,none,0.7622481232289192,0.23775187677108087,1.311908772912359,4.206065641125722,0.5212582293793528,0.47874177062064716,1.9184349399925469,2.088808751121898,0.2994367793749121,0.7005632206250879,3.339603111172734,1.4274229228130693,0.14630352481366127,0.8536964751863387,6.83510531460978,1.171376512690564,,,,,,,,,,
401854033,2026-11-01,2026-08-05T21:41:54.959180+00:00,spi_lite_baseline,20260805T214145Z,spi_lite_baseline,False,current,Bay FC,San Diego Wave FC,1.0425700676400316,1.767636392886834,0.22232144666190173,0.23401402393795637,0.5436645294001418,4.497991601866297,4.273248171934892,1.8393695853274832,0.5368979879537237,False,0.08476632075359569,low,0.8,high,0.9152336792464043,contextual_features_available,0,0,0,0,0,no_bet,none,none,none,none,0.7706315434599575,0.2293684565400424,1.2976369946008584,4.35979739797143,0.5329301962599426,0.46706980374005724,1.8764183508795567,2.141007600989208,0.31026690906746884,0.689733090932531,3.2230314312460107,1.449836194821366,0.15383445701985912,0.8461655429801407,6.500494228486833,1.1818018451543941,,,,,,,,,,
401854034,2026-11-01,2026-08-05T21:41:54.959180+00:00,spi_lite_baseline,20260805T214145Z,spi_lite_baseline,False,current,Gotham FC,Utah Royals,1.5325131482483454,1.266543131033961,0.4349714829226522,0.25033661710350863,0.3146918999738393,2.299001289189854,3.9946213685012855,3.177711279137249,0.5630644983754504,False,0.023640297529160526,low,0.8,high,0.9763597024708395,contextual_features_available,0,0,0,0,0,no_bet,none,none,none,none,0.768751748122554,0.23124825187744624,1.3008100501133177,4.324357014080116,0.5303024783051692,0.46969752169483103,1.885716248575662,2.129029755983498,0.30782483631429197,0.6921751636857083,3.248600769104254,1.4447210077217734,0.15214297611067037,0.8478570238893298,6.5727648134908945,1.179444141905852,,,,,,,,,,
401854035,2026-11-01,2026-08-05T21:41:54.959180+00:00,spi_lite_baseline,20260805T214145Z,spi_lite_baseline,False,current,Washington Spirit,Chicago Stars FC,2.1385948007406825,0.8294058858004821,0.6745792259408145,0.19201386928959163,0.13340690476959377,1.482405567122722,5.2079571319497715,7.495863888957575,0.4972516562355658,False,0.2252532395280492,medium,0.8,high,0.7747467604719508,contextual_features_available,0,0,0,0,0,no_bet,none,none,none,none,0.7959425883078058,0.20405741169219405,1.256372023170698,4.900581614297981,0.5694371501071036,0.4305628498928964,1.756120056114908,2.322541297394219,0.34534771807877296,0.654652281921227,2.8956322791509006,1.527528472161238,0.17907332105209683,0.8209266789479033,5.584304764801203,1.2181355846317439,,,,,,,,,,
401854036,2026-11-01,2026-08-05T21:41:54.959180+00:00,spi_lite_baseline,20260805T214145Z,spi_lite_baseline,False,current,Racing Louisville FC,Kansas City Current,1.2099417385014108,1.996284686929402,0.2280618421039521,0.2159879924018527,0.5559501654941951,4.384775597595118,4.629887008438263,1.7987223712957803,0.6064318297531327,False,0.09476624136413125,low,0.8,high,0.9052337586358687,contextual_features_available,0,0,0,0,0,no_bet,none,none,none,none,0.8295683646454999,0.17043163535450004,1.2054461604587958,5.867455287394191,0.6213035296911017,0.37869647030889825,1.609519264275189,2.6406372343114572,0.39872212391817546,0.6012778760818244,2.508012322399288,1.6631245548504363,0.22031052766850182,0.779689472331498,4.539047727690463,1.282561885836049,,,,,,,,,,
401854037,2026-11-01,2026-08-05T21:41:54.959180+00:00,spi_lite_baseline,20260805T214145Z,spi_lite_baseline,False,current,Seattle Reign FC,Orlando Pride,1.2085773300413043,1.5089930843013177,0.30429972396370186,0.2538743109761478,0.4418259650601502,3.286233674399534,3.9389570222957797,2.2633346138085386,0.5462749526387853,False,0.025152606875740613,low,0.8,high,0.9748473931242594,contextual_features_available,0,0,0,0,0,no_bet,none,none,none,none,0.754501856986627,0.24549814301337305,1.3253777850115012,4.073350566833114,0.5106530562040658,0.48934694379593435,1.958276735742051,2.043539890620051,0.2897609606775267,0.7102390393224732,3.4511205293555545,1.4079766735350705,0.13968850478626016,0.8603114952137398,7.158785195174919,1.1623696830315575,,,,,,,,,,
401854038,2026-11-01,2026-08-05T21:41:54.959180+00:00,spi_lite_baseline,20260805T214145Z,spi_lite_baseline,False,current,Houston Dash,Portland Thorns FC,1.2520235359650447,1.6825457319753478,0.28515676433079273,0.2398965324022597,0.47494670326694766,3.5068429898438667,4.168463753878672,2.10549940260969,0.5813174697273426,False,0.04071948224287636,low,0.8,high,0.9592805177571236,contextual_features_available,0,0,0,0,0,no_bet,none,none,none,none,0.7908481472421109,0.20915185275788906,1.264465249728731,4.781215116260933,0.5619600255680761,0.43803997443192394,1.7794860034557023,2.2828966723798643,0.3380640096810014,0.6619359903189986,2.958019698528702,1.5107200917086898,0.17380441782187564,0.8261955821781244,5.753593680368097,1.2103671595092167,,,,,,,,,,
401854095,2026-11-01,2026-08-05T21:41:54.959180+00:00,spi_lite_baseline,20260805T214145Z,spi_lite_baseline,False,current,Angel City FC,Boston Legacy FC,1.6374280245579584,1.2503057286260992,0.46443678467213184,0.24324642624165066,0.29231678908621755,2.1531455582398538,4.111057315212353,3.420946169824869,0.5747964379978668,False,0.03552095777436126,low,0.8,high,0.9644790422256387,contextual_features_available,0,0,0,0,0,no_bet,none,none,none,none,0.7834311070708162,0.2165688929291839,1.2764364230301206,4.617468309850903,0.5511660573197473,0.4488339426802528,1.814335238390544,2.2279954898874377,0.3275928493693686,0.6724071506306314,3.052569681923907,1.487194178500524,0.16618787464288196,0.833812125357118,6.017286171743164,1.1993109353881182,,,,,,,,,,
401854096,2026-11-01,2026-08-05T21:41:54.959180+00:00,spi_lite_baseline,20260805T214145Z,spi_lite_baseline,False,current,North Carolina Courage,Denver Summit FC,2.2068409921730745,1.3321108480624804,0.5726614964138859,0.2020187385498661,0.22531976503624807,1.7462322965000936,4.950035858941675,4.438137061962257,0.655034940517369,False,0.1096738778157017,low,0.8,high,0.8903261221842983,contextual_features_available,0,0,0,0,0,no_bet,none,none,none,none,0.8681070434878831,0.13189295651211688,1.151931674211739,7.581906012609028,0.686143100814565,0.31385689918543513,1.4574219267275808,3.1861654231445553,0.4714892242211461,0.528510775778854,2.1209392466008143,1.8921090086125933,0.2815767913251523,0.7184232086748478,3.551429062366311,1.3919372146182871,,,,,,,,,,
