player_id,combined_rating,attack_rating,defense_rating
nwsl::Football_Player::6fb7c24fe454404c899f51d0a7ea2e84,0.19088459994209916,0.07159464771039038,-0.07159464771039038
nwsl::Football_Player::6f371e0118d64bd0a1fce9f4cf6d52d1,0.17634268631144948,0.06133300591285801,-0.06133300591285801
nwsl::Football_Player::85023bcbe613492da8caaa35221257ed,0.16844725549820802,0.06942981188094151,-0.06942981188094151
nwsl::Football_Player::f3a1675054684f099f9675ac9cf04f19,0.1453261431987492,0.042214222218407316,-0.042214222218407316
nwsl::Football_Player::9b7fd5c1259c48b1a87f1cc0c10f713c,0.13456637919966313,0.05394981478294306,-0.05394981478294306
nwsl::Football_Player::8f646310f20a489f84c92d5c4b831d1b,0.13304791548409947,0.045956701441237945,-0.045956701441237945
nwsl::Football_Player::6eb214e42ba44ea59f98afee41a268d0,0.12990751363036782,0.05276470842057302,-0.05276470842057302
nwsl::Football_Player::3f841e6b66d94cdead98ab215e6e844b,0.10412367940360186,0.03681269373696649,-0.03681269373696649
nwsl::Football_Player::f7648a59714e413fafca3d1acec0e69d,0.10312478516991022,0.031079946123611927,-0.031079946123611927
nwsl::Football_Player::eba535f02a004e97908fa57322f852c3,0.09810972192493972,0.037738943474510823,-0.037738943474510823
nwsl::Football_Player::c7c35bca896849439784a5cdee73a0b1,0.09776072928173499,0.038922237125206136,-0.038922237125206136
nwsl::Football_Player::04a1aad603eb46dd9c349c2ba91d2322,0.08922289961875306,0.04380206705186667,-0.04380206705186667
nwsl::Football_Player::b59aacbdbb734601810422f27dff5ddb,0.08799288158632955,0.03299506293105602,-0.03299506293105602
nwsl::Football_Player::bbe59fb4163c4684aa943695e7845645,0.08754560077474138,0.035891172670688476,-0.035891172670688476
nwsl::Football_Player::0021a2896ee54ef191fb324dec97dd78,0.08163524310404915,0.025181298819872463,-0.025181298819872463
nwsl::Football_Player::446bca9a37f94c40b40ff500f4dd6870,0.08087571788722542,0.022869191446136163,-0.022869191446136163
nwsl::Football_Player::738125313bdc48eda09c29b610520e26,0.07945509821947017,0.029024357242008327,-0.029024357242008327
nwsl::Football_Player::cafe0fb40c194bfd95bebea739443cd7,0.07897017538114733,0.030596570817853178,-0.030596570817853178
nwsl::Football_Player::68b02adc0cac4f9280733b42cd06ddc2,0.0788921888207302,0.035081890180909674,-0.035081890180909674
nwsl::Football_Player::e8b4386d7df847f6a328dea38ddc55ce,0.07618147731925493,0.02788449719787936,-0.02788449719787936
nwsl::Football_Player::405bbcc7f91848b4a28e72f45ffb7d55,0.07592209990899679,0.022416573709582797,-0.022416573709582797
nwsl::Football_Player::cac9bfef965b49f9a20bbc0deb15ccfa,0.0737462272442292,0.03243941419330781,-0.03243941419330781
nwsl::Football_Player::95d2c552a83342bc947134ce8db57d56,0.07291232792935681,0.028791282524679263,-0.028791282524679263
nwsl::Football_Player::ea630eb197bb4762b4b8b4c1b7ef363c,0.07079916971570696,0.029085077506633795,-0.029085077506633795
nwsl::Football_Player::78cf15f1649f4f158f04d3037cc2750f,0.07028077281168994,0.03066250253920124,-0.03066250253920124
nwsl::Football_Player::eefb8531af1342a496d4e65ba1257e37,0.06703886292040047,0.018744100893699562,-0.018744100893699562
nwsl::Football_Player::1707398003674ec2a9b8855574cba470,0.06358809053015171,0.02014490080073975,-0.02014490080073975
nwsl::Football_Player::bbee9da0fc744ebcabc586c3232bf4be,0.06328974950919607,0.025971300607195748,-0.025971300607195748
nwsl::Football_Player::06897a454ecd4389a815a64dfb95ba2d,0.06299119069963496,0.014912880892689183,-0.014912880892689183
nwsl::Football_Player::ff16e70c73b943e38662bc6d895edb92,0.061073828370523144,0.023397554114767113,-0.023397554114767113
nwsl::Football_Player::5fc1b3b61f604e8fb3ca8fe5a154cde9,0.060511684338023855,0.017152992541476928,-0.017152992541476928
nwsl::Football_Player::f9aafcad554041328a5420822e10d5a0,0.06027416641299548,0.020107384849228367,-0.020107384849228367
nwsl::Football_Player::a0b960ec400b4ad389c72e720e32e86d,0.05961207763808531,0.01813473313979965,-0.01813473313979965
nwsl::Football_Player::d8f389524b654b238b386797cb3b1216,0.05873332328782405,0.018034103857388975,-0.018034103857388975
nwsl::Football_Player::9792e74df15347e7956b266647bfd2a6,0.05829223991405918,0.020573889479818065,-0.020573889479818065
nwsl::Football_Player::eaa1ecbb20954389b35a972c41743b42,0.057649462231986116,0.018825946155502475,-0.018825946155502475
nwsl::Football_Player::41bc212c8b704218a9bdd418e016cfe3,0.05659157594168641,0.017959755099398463,-0.017959755099398463
nwsl::Football_Player::84b30914edbb45ddb082f69074fb818a,0.05586835279771338,0.022893696777579423,-0.022893696777579423
nwsl::Football_Player::d570c9dcade14352bec26996bfab1c00,0.05532995681925901,0.01920226542620296,-0.01920226542620296
nwsl::Football_Player::e51fe8ea427c4f39894fce94ed9fadcd,0.054284271111043725,0.02979163732045437,-0.02979163732045437
nwsl::Football_Player::a79161648fb0412187766de7176ab440,0.05303645011152207,0.018901387363896526,-0.018901387363896526
nwsl::Football_Player::a58cdc45fc0448a28cbd965d9601aaf7,0.052768760964668954,0.01971644624770677,-0.01971644624770677
nwsl::Football_Player::463e97cd35e944de9f49f54da30fd8c7,0.05192258098498378,0.01336317567888339,-0.01336317567888339
nwsl::Football_Player::28fc705601404c39bf14420caeec6668,0.05181603129937419,0.02167316585714555,-0.02167316585714555
nwsl::Football_Player::0ff461d4b7864e4387af66c2fdaa3710,0.051516429771370734,0.01591434798282033,-0.01591434798282033
nwsl::Football_Player::c01844d3ed704fa0b1f0b75cfbf02f07,0.049935827922682,0.011788751957076123,-0.011788751957076123
nwsl::Football_Player::ec556416f45b48879e56409269f13dcb,0.049870003460239426,0.009821346954870953,-0.009821346954870953
nwsl::Football_Player::3c58742afd5842708efeae28767d5d3c,0.049802780734527735,0.014570902531118576,-0.014570902531118576
nwsl::Football_Player::0b39e888cd6f4316b0765895dcfdf2fb,0.049074396374223436,0.007617679150405799,-0.007617679150405799
nwsl::Football_Player::81f566b89fa04830b4b1657453e4f818,0.04864321847893652,0.021453207736288917,-0.021453207736288917
nwsl::Football_Player::f02a507bde074f68ac65cbd2ac77104b,0.0486419899060868,0.017950880502222415,-0.017950880502222415
nwsl::Football_Player::52f13396556b4dad93f22030d00cbf8b,0.048538998747617385,0.022896346211944734,-0.022896346211944734
nwsl::Football_Player::aa256aeb38a8454589438798a521ae12,0.04768741013764717,0.020445470684590038,-0.020445470684590038
nwsl::Football_Player::925b70520fdb41b3afd6477937c4d93c,0.046953571887854734,0.022187764388039016,-0.022187764388039016
nwsl::Football_Player::48fbfdd7f8004d3cb8bd7ef56db89b4c,0.046432962804442444,0.01017269404987212,-0.01017269404987212
nwsl::Football_Player::c390f57b0fe54464b1c2efec9aeee043,0.046394650594779555,0.02029148033574873,-0.02029148033574873
nwsl::Football_Player::15cbd2b4b39042eeb04d03affb712899,0.04543240527154737,0.019002528187484102,-0.019002528187484102
nwsl::Football_Player::aca2fdf863f449bda03f5f46f28ed9f4,0.04513203830567546,0.021937695484971945,-0.021937695484971945
nwsl::Football_Player::44789b184b6840b7b707d62b996ad090,0.04508547476036101,0.008113610773756677,-0.008113610773756677
nwsl::Football_Player::d2e295e660ac4110bb3ab9be9185c86d,0.044864700900235685,0.00846897476692147,-0.00846897476692147
nwsl::Football_Player::3fb7c0ab25ef4b3db335ad6f5afe4e10,0.043457374599503835,0.014170608302140092,-0.014170608302140092
nwsl::Football_Player::ac29e17a8bff414e8ede153e5067e250,0.04339184770451201,0.024423301503803393,-0.024423301503803393
nwsl::Football_Player::71105581a0a143b18ac92760cc09c609,0.043059888455704236,0.01997570851014347,-0.01997570851014347
nwsl::Football_Player::dc5b62503b254bc7b911b31b48969494,0.042958729701260336,0.01007814519460868,-0.01007814519460868
nwsl::Football_Player::0647eef6fb274236a6776c40e84d6eb3,0.042493409133212846,0.011651564823573287,-0.011651564823573287
nwsl::Football_Player::21b9db4547da430eb454d860966a8865,0.04224404312124263,0.012587479455829356,-0.012587479455829356
nwsl::Football_Player::0be30b0d97e24aa39d443c4436a4c2a1,0.04204950001303825,0.01677866112729992,-0.01677866112729992
nwsl::Football_Player::fef02bf35a784dfc873b4addfc4e16a4,0.04182263994137809,0.024346555235698817,-0.024346555235698817
nwsl::Football_Player::a439341551034a09972c0d4efd10ccc0,0.04118798594689191,0.008381522753424702,-0.008381522753424702
nwsl::Football_Player::8db3e5d0e2ae49d393de38c15744f7b2,0.04086155032098802,0.01708274625092573,-0.01708274625092573
nwsl::Football_Player::e0e778409f6442b7b1f2e2d55a5a8565,0.04020369238781682,0.022185436563502248,-0.022185436563502248
nwsl::Football_Player::521bad7c3a2f49a185c968f9206da5b8,0.040043969587470016,0.018269269486142957,-0.018269269486142957
nwsl::Football_Player::63930b6af7c94ec3bd5980802a154971,0.03859648363780192,0.01420829093537485,-0.01420829093537485
nwsl::Football_Player::f2d4c582b99447489d38209626bc26af,0.0384741657247603,0.012462932198262219,-0.012462932198262219
nwsl::Football_Player::b7b10520cd77421e97f225c988f93e57,0.0372041606174776,0.01676437071570602,-0.01676437071570602
nwsl::Football_Player::c8daea44150e40579e2c46716e16246e,0.03555841682273072,0.012357015012565389,-0.012357015012565389
nwsl::Football_Player::452e1e88a12648b18de7e60d6da83626,0.03516157830781124,0.013092151190836782,-0.013092151190836782
nwsl::Football_Player::ad9acd5fa5cf475a87d9a92b99e682fd,0.03481943712404011,0.019517186553543998,-0.019517186553543998
nwsl::Football_Player::f1674817643d4409ae98e3f26ec72dc4,0.03470185541254334,0.00973815089402385,-0.00973815089402385
nwsl::Football_Player::0e4a7272e4b34cc8977c9623a1a09bf1,0.033850329725829006,0.012570380515841237,-0.012570380515841237
nwsl::Football_Player::d9bb4ddad5e34f7b89ab4608dc8277d1,0.033334747738285424,0.021377789049838874,-0.021377789049838874
nwsl::Football_Player::fd08719793c4487c82b7d3aceba2ad0f,0.03068947943663986,0.013655177079478433,-0.013655177079478433
nwsl::Football_Player::fed95d382879402f971b73910f1a8e2a,0.030557212384753445,0.010434913846191395,-0.010434913846191395
nwsl::Football_Player::7d50dd7b6526453ea7be4ca492fdef5a,0.030338252612210712,0.02906616985040488,-0.02906616985040488
nwsl::Football_Player::e3732803fbc74097b03f22501baf27d7,0.030256472454670013,0.010153978022755762,-0.010153978022755762
nwsl::Football_Player::a74c35267e4b4a689431f9d3be7522c6,0.030125797873300362,0.018314813523880924,-0.018314813523880924
nwsl::Football_Player::39fe0dbc3b0a49c0a46d405d30b7141d,0.029978778323001106,0.016399385028564147,-0.016399385028564147
nwsl::Football_Player::e430381cd0da42f193b7801fc9f23009,0.029322046629750118,0.004313355125113598,-0.004313355125113598
nwsl::Football_Player::d05274ce6faa42d48bec0325f29568e2,0.02884275758180409,0.013336991381545118,-0.013336991381545118
nwsl::Football_Player::a1626364867445b3b33022e19cac46ff,0.028761564803377854,0.009983975380952309,-0.009983975380952309
nwsl::Football_Player::963846c568d34a539e360dcd93046ebd,0.028662840296750303,0.0056014173349211984,-0.0056014173349211984
nwsl::Football_Player::3d88359f24cc42609f3402ab4c856674,0.028659788075848257,0.008618237632066367,-0.008618237632066367
nwsl::Football_Player::53377155ab4b4c08b6ff7a3c66865fe3,0.028650890408669766,0.01542439232632515,-0.01542439232632515
nwsl::Football_Player::9088cd3919ae4facb366b7f4cf1ca493,0.028216700978244007,0.014487517218901283,-0.014487517218901283
nwsl::Football_Player::7fc702ff232644208fc4c5d6841f46d6,0.028212696008560065,0.008478621511552415,-0.008478621511552415
nwsl::Football_Player::444e4e5d84d248e2841030cc724d2ffc,0.028166232949849934,0.01782669699517617,-0.01782669699517617
nwsl::Football_Player::246a5773039447a9aa48ead166b1f174,0.02809974855144827,0.0054058930580465825,-0.0054058930580465825
nwsl::Football_Player::ecf8d72c11704bb49de0461fa77d8cae,0.028068339826229634,0.014673363299188634,-0.014673363299188634
nwsl::Football_Player::4b0092d3c4b148ce81259ba635ca7777,0.02790061945114252,0.0123055602326673,-0.0123055602326673
nwsl::Football_Player::55c607b8f8ea48efa308facc28601331,0.027104993681438996,0.01002376662749899,-0.01002376662749899
nwsl::Football_Player::bebc6af83c4342a38467774e2d6603ca,0.026971873219256724,0.006902066014179495,-0.006902066014179495
nwsl::Football_Player::51d52da9f6724e00a97ec29e7fe459dc,0.026952098759135845,0.008527997321089787,-0.008527997321089787
nwsl::Football_Player::d512157412184783822bc2cf21db09bf,0.02645174442026394,0.005523662326216527,-0.005523662326216527
nwsl::Football_Player::e7a9fbdec57f4170a210600e753dcb67,0.026223808583281237,0.002899204199570947,-0.002899204199570947
nwsl::Football_Player::afa88f0c0ec840f38096c040ebe83e08,0.02590096476250488,0.0047351542689832255,-0.0047351542689832255
nwsl::Football_Player::f866f99ea9e247179534881de6f30154,0.025424696445824423,0.016036334226846177,-0.016036334226846177
nwsl::Football_Player::78fe6058bc1049be9f905c1d7b109833,0.02501167984762199,0.00833446954938822,-0.00833446954938822
nwsl::Football_Player::bb2e756c53984f5ebf78cd343ec20b70,0.024667699019473476,0.0043726484842340945,-0.0043726484842340945
nwsl::Football_Player::909a06c8277b428f8e6acae7e1a62d39,0.024470741538153495,0.016018794165147066,-0.016018794165147066
nwsl::Football_Player::c143615f95aa493689aa185f5c465932,0.023814443184508465,0.013209397435676644,-0.013209397435676644
nwsl::Football_Player::b936d03963c947e7a137521ff4f578b3,0.02352699025604991,0.004899663982756964,-0.004899663982756964
nwsl::Football_Player::01429efe66554be8bc7f86ee0a9fa184,0.02314856753895678,0.011584205265730538,-0.011584205265730538
nwsl::Football_Player::e16bea53ecd54bb190f6c8d13996d550,0.023133275335009702,0.00901520449813924,-0.00901520449813924
nwsl::Football_Player::d216e5104276420fa4c6f162f613f5b7,0.02285690684593228,0.00173645993231982,-0.00173645993231982
nwsl::Football_Player::40a07c6e4fd74acd864ee7f812351843,0.02263961218539897,0.006598237034716123,-0.006598237034716123
nwsl::Football_Player::85399e003cd149ec991da7c3853143ad,0.02192658121741932,0.007216683017475934,-0.007216683017475934
nwsl::Football_Player::23fbf942a9564991bb975594e94b02d7,0.02180556978764021,0.0167276652925206,-0.0167276652925206
nwsl::Football_Player::f0b65e91132d452792a90bd80e377f0f,0.021526445797620718,0.0024145057508548973,-0.0024145057508548973
nwsl::Football_Player::4d0fda5a57784bf59bcc4e1caa463716,0.021120444347932348,-0.0012423821928878008,0.0012423821928878008
nwsl::Football_Player::ed7ee4eca97044dd97750b29c3850769,0.02043338342201199,0.007624727544060081,-0.007624727544060081
nwsl::Football_Player::021370e22b6846a48f5e988c6f4c9478,0.020418592738672123,0.006297920086585,-0.006297920086585
nwsl::Football_Player::d34c603875494308b83fc6a75c948837,0.02040932798618536,0.013708112093322764,-0.013708112093322764
nwsl::Football_Player::bb0103a05e5f49418ff33df52b8b71b9,0.020076982220230726,0.011239131698465034,-0.011239131698465034
nwsl::Football_Player::16b5740bf4ff4fe1ae57b082ef35b27a,0.019101310458704883,0.005297368940882154,-0.005297368940882154
nwsl::Football_Player::505cd006e0f24c0b8f03372edd6e033d,0.018773557318162385,0.011246910793648477,-0.011246910793648477
nwsl::Football_Player::fc2865906ac34d6abfa98c9a8dc14f52,0.018512576079151882,-0.0014472615952874925,0.0014472615952874925
nwsl::Football_Player::22284069e4754b6585ce7f4dda01592d,0.018282341363433586,0.009316351492803207,-0.009316351492803207
nwsl::Football_Player::6d6d4a5642834e01ac61867306e1e367,0.017937854681085528,0.010566951759141815,-0.010566951759141815
nwsl::Football_Player::c89b3d151ee84bdba11f4918c1be931a,0.017527819052795195,0.01041567395374753,-0.01041567395374753
nwsl::Football_Player::91b542420acc43c6955b5f8a782b2adb,0.016966515801082674,0.0029214398852807485,-0.0029214398852807485
nwsl::Football_Player::b9e251d77c634898bc99e50cd03a3134,0.016757091721095744,0.0032140931781622466,-0.0032140931781622466
nwsl::Football_Player::f0a281901a6340798be863ccc7c43851,0.016397501876117736,0.005461215563679496,-0.005461215563679496
nwsl::Football_Player::bdf738f813074378b10e977e449699eb,0.016397257144807574,0.0032512268329130175,-0.0032512268329130175
nwsl::Football_Player::24d14aecb1aa4505a96c39f52a558e47,0.016132805267100078,0.003892465170909585,-0.003892465170909585
nwsl::Football_Player::3cecb0249577458d990f97ac429b76e7,0.015980663196968864,0.006520991362576957,-0.006520991362576957
nwsl::Football_Player::8d5a9316dcc64f99bade9c227befbceb,0.014919248265793812,-0.00015844894739393218,0.00015844894739393218
nwsl::Football_Player::f3e1a521ef4f4f24bd0ee3fb985ec265,0.01416105127659104,0.008635719971293775,-0.008635719971293775
nwsl::Football_Player::75dea69f305343a2b59c44bcf763445e,0.01411617823260771,0.011033366154095852,-0.011033366154095852
nwsl::Football_Player::defa5ede49564c5c9b518c5c5281cf9a,0.013906060229515812,0.0014326594744581912,-0.0014326594744581912
nwsl::Football_Player::7e96efc5034f4e4abfafca1b06af33ab,0.013745163278088286,0.009871282858406816,-0.009871282858406816
nwsl::Football_Player::907a57b1c41046b08063e94229484b5e,0.013744700543700254,-0.0056083535351544676,0.0056083535351544676
nwsl::Football_Player::12f3080c7af74e8bb619ae361ba8593f,0.013707262273508974,0.002417891099575107,-0.002417891099575107
nwsl::Football_Player::d554da063af949d9b11787c4c83bf7fc,0.013667134263432346,0.0038110514158620455,-0.0038110514158620455
nwsl::Football_Player::572ca1acdb37419a843dafa8e828be66,0.01349469681790898,0.00544084302581128,-0.00544084302581128
nwsl::Football_Player::d814c62705514d3ab343c0798bb924ba,0.013343504070334368,-0.002881786926503323,0.002881786926503323
nwsl::Football_Player::8c0148936e98403ca045b722790deea0,0.012946914298481556,0.00458796539363149,-0.00458796539363149
nwsl::Football_Player::4314e1fbd3924a09a365af62abcdb3b4,0.012801943209216753,-0.0008614429346138044,0.0008614429346138044
nwsl::Football_Player::d008acd9fb8b431e88f29ea421bacf99,0.012652568134146334,0.005743761330200431,-0.005743761330200431
nwsl::Football_Player::18d7e7320d2949b083c7315e3831b1a1,0.012570192700912522,0.0031567027195744447,-0.0031567027195744447
nwsl::Football_Player::cbb95e0c05e942a7a4f2f0907da9d2fc,0.012259443723375186,0.003406206382067014,-0.003406206382067014
nwsl::Football_Player::77bd41e2c3954f40bc52b5efe805f890,0.01190660092861323,0.007457384528520491,-0.007457384528520491
nwsl::Football_Player::370b3d17ba144f99a7095208376ed769,0.01132134016682317,0.005005668596030752,-0.005005668596030752
nwsl::Football_Player::d1485dcbe6f34e4c9ba927371173260d,0.011141944488540579,0.00814758390640742,-0.00814758390640742
nwsl::Football_Player::4829883bb4dc4fa48b63d43b720a4307,0.01048804651234754,0.00774928213188811,-0.00774928213188811
nwsl::Football_Player::1a484328c45c46be9c0591b43aa838a9,0.010371102989037751,0.003213493001546295,-0.003213493001546295
nwsl::Football_Player::b0fe6c1df4fc4afeabe923ab23915632,0.009888921070677379,0.0020915301159589402,-0.0020915301159589402
nwsl::Football_Player::47a580b9d9a64b508d4edde164580fb4,0.009485935093432386,-0.007177421232145395,0.007177421232145395
nwsl::Football_Player::7ff572896b4146d78ff5e10f1d8d65ab,0.009475561342021092,0.0005969719493863099,-0.0005969719493863099
nwsl::Football_Player::5ae4cbaf5a2f45eaa9c280ff2b6cec7f,0.008633259316637108,-0.0003047211098203635,0.0003047211098203635
nwsl::Football_Player::f34cb0fac68445bf95cc5baec18f7044,0.008318154595908933,-0.0019590341395312894,0.0019590341395312894
nwsl::Football_Player::1c5b1011e8104e8f8b94c941f66b7a93,0.00823916081356305,0.005311167752472886,-0.005311167752472886
nwsl::Football_Player::d9f63636eae141b9a9fccd6533df3a2b,0.00771147914225108,0.004827275175981446,-0.004827275175981446
nwsl::Football_Player::8ced72b131844bca97a4728d075472a2,0.0071124404302139385,-0.004988333642516429,0.004988333642516429
nwsl::Football_Player::7fa746d5fcc64e3b827c740fb881e157,0.006988652064327713,0.0019220418248724566,-0.0019220418248724566
nwsl::Football_Player::a86e9ba2f4c44ce789c593b2b5bf9bcb,0.006940618559351794,0.0030268670708357708,-0.0030268670708357708
nwsl::Football_Player::996bf315d3dc4e479053da3ea31925ff,0.006836618425813359,-0.0015302147051339935,0.0015302147051339935
nwsl::Football_Player::2c448e6ce8624c9c983fe177032cd791,0.006773929149289301,0.0003251475759229081,-0.0003251475759229081
nwsl::Football_Player::80578bb876844892bf7fa6822bdb89b3,0.006209471375307364,0.0009609329816699267,-0.0009609329816699267
nwsl::Football_Player::65b00a37c89a4fbaba9fbfb76969a7df,0.006095858829073238,0.0017177539806858665,-0.0017177539806858665
nwsl::Football_Player::2b1dd3812dc04c7c8f3cdd0b7bae1d4f,0.005374271762071203,0.0009849583724827228,-0.0009849583724827228
nwsl::Football_Player::e0083709d64e4f7aa5329c7b17fc6687,0.004638518549907189,-0.0003807765987865152,0.0003807765987865152
nwsl::Football_Player::75a5b73882ba47c29448e3a36c691717,0.004068612989851195,-0.004213003304349924,0.004213003304349924
nwsl::Football_Player::a5495110a1614676bdd04a42f6068041,0.0033380342875974525,-0.0013970376857173653,0.0013970376857173653
nwsl::Football_Player::55bd66bfbc3240c7acf59ca32209868c,0.0032313009387212013,0.008864537869393695,-0.008864537869393695
nwsl::Football_Player::133304d476e84b6cbc5409243d94af4a,0.003201018707973007,-0.005242679154100442,0.005242679154100442
nwsl::Football_Player::48f5de8d0ac445c98d86b0485af36ad0,0.0028838546251622717,-0.0015321858193634598,0.0015321858193634598
nwsl::Football_Player::d73ddb615f3149cfb6432c6f82b21ac9,0.002831889924265339,0.009135158657365045,-0.009135158657365045
nwsl::Football_Player::f737dfd0124341ddbdefdab7739f056f,0.0027630673788157298,-0.00293787763801541,0.00293787763801541
nwsl::Football_Player::e4c0dd7de1294525a9f1635b7e210792,0.002502278737833237,0.00039296787891344423,-0.00039296787891344423
nwsl::Football_Player::a781ef1be91e49abb66b45cbd140e7c4,0.0024397633736269616,-0.0006677440538053227,0.0006677440538053227
nwsl::Football_Player::6dbc458562f2406cb714ae051cf4d8c2,0.0018435720269289757,-0.0014474954520509154,0.0014474954520509154
nwsl::Football_Player::0d2b0629ed6b43b8ae5e01f2d88fa515,0.0018369734600270618,-0.0067972219666511844,0.0067972219666511844
nwsl::Football_Player::b79c07308de84ca7967c474613f2fe20,0.0016148734701291103,0.009280254530181744,-0.009280254530181744
nwsl::Football_Player::3fa6c6b9fff049ddb7e32f7ea04d33ca,0.0014160141126903347,0.0030808707158657294,-0.0030808707158657294
nwsl::Football_Player::75a1f211b7f04ffebe4cdd67cd838239,0.0013101982445701734,0.0008289356218288558,-0.0008289356218288558
nwsl::Football_Player::d5c841dcdea54696979eda5b6d0fbdb6,0.0011388723690840476,0.004002575743358783,-0.004002575743358783
nwsl::Football_Player::169fa964031141e98831884983375011,0.000775202382081748,0.005148358189343525,-0.005148358189343525
nwsl::Football_Player::259bb40fadfb464c8402cc186f30b85d,0.0006008805958183902,-0.002043518056094162,0.002043518056094162
nwsl::Football_Player::d24c806737e2498c980976b0695bfbe8,0.0002261435572410246,0.001347427382614111,-0.001347427382614111
nwsl::Football_Player::8513285029bf40cb99fa4947006018a2,0.0001295216103704478,-0.0038379374200719863,0.0038379374200719863
nwsl::Football_Player::63da20737e074579b1383973fc24c6a1,0.0,0.0,0.0
nwsl::Football_Player::fc271855025e4ff3a5bb2ff67c569709,-1.0563978880313086e-06,0.007976712051081946,-0.007976712051081946
nwsl::Football_Player::8bc2b0ed38a346f2a782d7236d278aa3,-3.1677105966074476e-06,0.0017420304255875265,-0.0017420304255875265
nwsl::Football_Player::6c46721d5109405395df45ddfd680316,-0.00028382752048378336,-0.0034880973106188084,0.0034880973106188084
nwsl::Football_Player::9ccd079f4b56432e8f21ede69aabddee,-0.00031798466815640813,-0.0010079246471529977,0.0010079246471529977
nwsl::Football_Player::81619aa8f0b94bbd8e20e7f665ae8f59,-0.0004047377815129976,-0.0031055854334181795,0.0031055854334181795
nwsl::Football_Player::81893f175a814e48bb103cda269cde2a,-0.0016876105310129367,-0.002295384124546977,0.002295384124546977
nwsl::Football_Player::eb192101ab34425984a49075a90f3b0c,-0.0019824301487778692,0.0012026408680192173,-0.0012026408680192173
nwsl::Football_Player::e34f1e30edef4493b1bc39d45873fc32,-0.0028136632225829487,-0.0028518639424901953,0.0028518639424901953
nwsl::Football_Player::332d7efe4fb24703b248508fd29b4575,-0.002952079365389486,-0.006758665700125371,0.006758665700125371
nwsl::Football_Player::142e91eb2ec04376abd92b3e9c5921fb,-0.0032282765005220014,0.004984589254730781,-0.004984589254730781
nwsl::Football_Player::d3f96dfb6d4a416694444e80657ead00,-0.00519948519624118,-0.006054669466454994,0.006054669466454994
nwsl::Football_Player::27615fa77e0f4bc78e0365f58a4df924,-0.005574950105514635,0.0021269576910960338,-0.0021269576910960338
nwsl::Football_Player::ebadefdb2cd142aa92580387d5fde3b8,-0.005661357451379297,0.0011415789193778788,-0.0011415789193778788
nwsl::Football_Player::e036a5e038a341b2b45efc0d58587acf,-0.005890999471249844,-0.002844105365901374,0.002844105365901374
nwsl::Football_Player::7df864b150be44a58be51599cfd7dd80,-0.006206201066758404,-0.006613776762199384,0.006613776762199384
nwsl::Football_Player::aaf2552ae4c54dcfa1ec352db94d8b0f,-0.006244708667150637,0.0036058518599864377,-0.0036058518599864377
nwsl::Football_Player::0bc0d986844b458592417f6157d1aeb4,-0.006338400781398009,-0.0023553737856859486,0.0023553737856859486
nwsl::Football_Player::6d53483ebf1e436d96c8edacb96a8cca,-0.00661074709114467,-0.00021272185927235512,0.00021272185927235512
nwsl::Football_Player::38925931e59c4bb6ac8e7965e81ab06d,-0.006610747091144692,-0.00021272185927235794,0.00021272185927235794
nwsl::Football_Player::31cb57cb8de1443d99cb20793354f1fe,-0.007464578977355105,-0.003859171222791288,0.003859171222791288
nwsl::Football_Player::266288af33ed4b378e529b0cb8957ecf,-0.008000145186429048,-0.006879863645037935,0.006879863645037935
nwsl::Football_Player::328fcb7c689147afb61f408326d6d1bf,-0.008034097170510068,-0.007962096847690583,0.007962096847690583
nwsl::Football_Player::300fc21c88214cf191d546d1cf81d8ec,-0.00903597413255161,-0.008423141581192443,0.008423141581192443
nwsl::Football_Player::83ee7340956c431b81b2caa9373d9e29,-0.009459619260804767,-0.00749268722786819,0.00749268722786819
nwsl::Football_Player::1ead938145124f4bb3f98cc655a262b8,-0.009501940716696276,-0.0010350936621183384,0.0010350936621183384
nwsl::Football_Player::0562367d242746f0ada9dacd4b93fa2f,-0.009580631093830916,-0.006761801045891113,0.006761801045891113
nwsl::Football_Player::e36d5228fd7541d394bb2df04fded14f,-0.010004433342880556,0.0014513951942452187,-0.0014513951942452187
nwsl::Football_Player::a508823d48c24d818a9b76c99106c143,-0.010160696295290225,-0.012075011329667467,0.012075011329667467
nwsl::Football_Player::e217f693d9c1472c9ca602ef93c69386,-0.010490957867510902,-0.003120414920454519,0.003120414920454519
nwsl::Football_Player::3d7fa6dd511f4628bc8d8784ab7574fd,-0.010846010939361965,-0.005369218715332946,0.005369218715332946
nwsl::Football_Player::d0996c9d85fe48cfad90d75fbc26be45,-0.010917157983735316,-0.003757412668019604,0.003757412668019604
nwsl::Football_Player::3a45298a6ded492baa53c54797a41912,-0.011116854117015192,-0.007525262368726717,0.007525262368726717
nwsl::Football_Player::8fff0be5941647158bce3fa7fc4a0cdd,-0.011242507764247196,-0.0027762568012117917,0.0027762568012117917
nwsl::Football_Player::65926eaa2f7f4b17833600561c0ed506,-0.011930144204086321,-0.001214411975247334,0.001214411975247334
nwsl::Football_Player::e13f13ced32c4de9bdbedf05c00e5ed5,-0.012214718602182685,0.0004662728745699112,-0.0004662728745699112
nwsl::Football_Player::7afe6ac6ae40499b833a0d383c0f47b1,-0.012967457695823376,0.0006823580504762838,-0.0006823580504762838
nwsl::Football_Player::891ad63d168c42aebeaeaa7359ec1fb5,-0.013298087145133596,0.0019358387561714885,-0.0019358387561714885
nwsl::Football_Player::3bc373314f634a4aad24e6ecb5847dde,-0.013322216292934716,-0.0071336885505784335,0.0071336885505784335
nwsl::Football_Player::8462f50f7bcd4b358debc2d680f919a6,-0.013626402425480426,-0.003444892422629918,0.003444892422629918
nwsl::Football_Player::93f4a41dd7c8434daea61038ecce5c90,-0.014053342345716414,-0.002031524241665411,0.002031524241665411
nwsl::Football_Player::4cb80ed654ff46e8916779187fb88553,-0.01412210902248359,-0.00266673859479682,0.00266673859479682
nwsl::Football_Player::810db7679a9d4660929f485ed49e1988,-0.014362625157818708,0.010931476748052872,-0.010931476748052872
nwsl::Football_Player::23ce38b9dd0049b59a8ac2321fb8710f,-0.015012960488955465,-0.003519362990065202,0.003519362990065202
nwsl::Football_Player::c413ab13b4b2411b8255f868ec263843,-0.01581339736443355,-0.0017704060504238667,0.0017704060504238667
nwsl::Football_Player::7a3d8828fb0941f88dd72a728f9f61e4,-0.016078413252002398,-0.0008270704828171454,0.0008270704828171454
nwsl::Football_Player::9aa0ae7f0bc648da9095a03174257a3c,-0.01615522322971396,-0.00135237622035401,0.00135237622035401
nwsl::Football_Player::2b79fff663274280b57a60c00163ff51,-0.017080178002123685,-0.005827276627739333,0.005827276627739333
nwsl::Football_Player::cee456c338e246a08218cf350ed0ba50,-0.017389626045654395,-0.00890803746819096,0.00890803746819096
nwsl::Football_Player::57fe0d4b80e74d1fa6fc56aab0db25ad,-0.017632535937004954,-0.025324135316336812,0.025324135316336812
nwsl::Football_Player::7e125d671c06445880e000972f3ae412,-0.01769313884272752,-0.01376629485859023,0.01376629485859023
nwsl::Football_Player::c75e5a65dfaf42b588cbdf8ef5069537,-0.017738903381424642,-0.013868844441883198,0.013868844441883198
nwsl::Football_Player::1cc39af6408b4d09bbc5d355ca02cd61,-0.017863693369434563,-0.007747939059845673,0.007747939059845673
nwsl::Football_Player::93ab29167bcd49b1a9d06e29f2cfb3c2,-0.018053530557042004,-0.005294687710214737,0.005294687710214737
nwsl::Football_Player::03ef0251e6f546d09c0a41a5c52ce7b0,-0.018545237222953422,-0.008896776461266558,0.008896776461266558
nwsl::Football_Player::5d76f50c58f34b00a7bd574b12c70c94,-0.018821726082897828,-0.01033963231546979,0.01033963231546979
nwsl::Football_Player::f82ac82c607145468005f6b2e5da5b72,-0.018996569906974337,-0.004183611266660027,0.004183611266660027
nwsl::Football_Player::144dbd486f6847edb0164f392e656aac,-0.019271691581930164,-0.00959543061945923,0.00959543061945923
nwsl::Football_Player::8094c154313e47feae1e6aba09c98400,-0.019440833965209982,-0.0030231066213030444,0.0030231066213030444
nwsl::Football_Player::c4119bcbf98641c2b822788600449a33,-0.02004347447405453,-0.009937211008241615,0.009937211008241615
nwsl::Football_Player::e58cc03e05a54a28bf3133ec9c1a3632,-0.02053250810666972,-0.011811330309012866,0.011811330309012866
nwsl::Football_Player::87f8bf57a0ed4238a026b49f9c2b276d,-0.02117323143059412,-0.006291178646911883,0.006291178646911883
nwsl::Football_Player::8d06de6ab11f478e863e0180023cd152,-0.02134361849029333,-0.007872783668808957,0.007872783668808957
nwsl::Football_Player::b7f052b3fd2b44e798841bb74f5af288,-0.0214269874941379,-0.013130647804560146,0.013130647804560146
nwsl::Football_Player::3712c14ba05c4f4ba6bd42cae9406ec6,-0.02189903070658581,-0.0008341131555513856,0.0008341131555513856
nwsl::Football_Player::fac76b661a3c42b5a75dd7dc81ba311d,-0.02203478189838491,-0.010403010563145066,0.010403010563145066
nwsl::Football_Player::13fe7126ee1343a1b20b3c118c2df756,-0.022063083627851036,-0.0005272965690237483,0.0005272965690237483
nwsl::Football_Player::c29a2b0fb20147b1a49d5e9dc55afdf1,-0.022445940031570494,-0.008268974388472641,0.008268974388472641
nwsl::Football_Player::22261c24359f46599769f406a32e5d23,-0.02248918350262935,-0.010778060891828372,0.010778060891828372
nwsl::Football_Player::88284f038be14a6d8b643df2bc4c7d6d,-0.022605043401771555,-0.0050809037403426825,0.0050809037403426825
nwsl::Football_Player::9b57636e0405440fbad174a02ec2b1c1,-0.022635620988411105,-0.01138910082777503,0.01138910082777503
nwsl::Football_Player::3803e24414b54df58dfb21fd3304ef62,-0.023013164652443754,-0.006358612387502563,0.006358612387502563
nwsl::Football_Player::10444fea4ff6483da41b77457cf2cbac,-0.02310922716113856,-0.013019037478322488,0.013019037478322488
nwsl::Football_Player::dcc2564e748442b7a956fa4f8056ba87,-0.023225211504409256,-0.009920173412337906,0.009920173412337906
nwsl::Football_Player::5b3b23196eed4d9f900e4f3ab4d7113d,-0.023295388778654218,-0.009026624127869465,0.009026624127869465
nwsl::Football_Player::fbe120b3952b43e4a95a632f285ffe38,-0.02334804140501234,-0.008500648685400512,0.008500648685400512
nwsl::Football_Player::5ae0d5c4363b481e8598551ea1324c50,-0.02360312942534566,-0.006848442072737934,0.006848442072737934
nwsl::Football_Player::9c658c9bfac94ebaa87d167e59315ba9,-0.02360515135599437,-0.007669008281842824,0.007669008281842824
nwsl::Football_Player::8be53181b9fd46c4957f8cd6975a49f9,-0.024583031695754473,-0.018999037595211293,0.018999037595211293
nwsl::Football_Player::ab5925e484b549b084e72c85df4de7df,-0.024931875450141517,-0.0059911542351577815,0.0059911542351577815
nwsl::Football_Player::dead86b2fe8a4adc8ff4fb12d9111944,-0.02515173211335068,-0.0136693025529517,0.0136693025529517
nwsl::Football_Player::0fc6e8c0cd724c14b06c64c27c8331e6,-0.025243822819458535,-0.008979048865604092,0.008979048865604092
nwsl::Football_Player::9a6e94e5fb19478f9dbc33f702d2d891,-0.025503397661382522,-0.007042921553816372,0.007042921553816372
nwsl::Football_Player::84e65c9b042d400492b5088a8f3d3c6a,-0.025943513641641634,-0.01898076497439601,0.01898076497439601
nwsl::Football_Player::1e26ef7b8de140f1bb2ee7bcefdcbfe7,-0.026110135030696292,-0.00915081248210242,0.00915081248210242
nwsl::Football_Player::e9488064a60149bebd3650cfc6bb8a5c,-0.026977886631480666,-0.01608765793196227,0.01608765793196227
nwsl::Football_Player::f944dbf34fc14b0895cdfa68155404bb,-0.027361219093421155,-0.012372287378092563,0.012372287378092563
nwsl::Football_Player::efa33936147948539e131def3f2df42a,-0.02775289447595302,-0.011163307943799675,0.011163307943799675
nwsl::Football_Player::8b7f1c9204e34fc58010e0d9778c064d,-0.02785496311423845,-0.012054361801001173,0.012054361801001173
nwsl::Football_Player::dd58c531924040d7b2a296847b8e2ef2,-0.02822110534028103,-0.01259776977383034,0.01259776977383034
nwsl::Football_Player::8d41be19ea664cb5976221bb3592293d,-0.028461881944831367,-0.0009137518465175268,0.0009137518465175268
nwsl::Football_Player::5c1e1c261d6a4a349b24573eaed3bf49,-0.028688834016004246,-0.011458883876805463,0.011458883876805463
nwsl::Football_Player::be8debd3133344a694e5b5a03ef34fc4,-0.029415283888901446,-0.010275081586312592,0.010275081586312592
nwsl::Football_Player::443cefb274fa4bf8858e26051786d10e,-0.029711504379757295,-0.007303369020679859,0.007303369020679859
nwsl::Football_Player::fc45d1c634f14b6e8e5ae61b7f34f421,-0.029874678312890215,-0.009846853553323945,0.009846853553323945
nwsl::Football_Player::98dcb1c31ca44fd195fa3302144a6140,-0.02998701568874359,-0.009808349025046287,0.009808349025046287
nwsl::Football_Player::ccea379df7ff464ba24c322914a37bef,-0.03019160507540692,-0.009363383254216243,0.009363383254216243
nwsl::Football_Player::cb6caff04d61498b9fef4c71d0c3f1e1,-0.03095632958049019,-0.012841226641681957,0.012841226641681957
nwsl::Football_Player::3aea231c3bf74863a3f57017205ba14a,-0.03115012554284964,-0.005784917616947021,0.005784917616947021
nwsl::Football_Player::d47dced2a50a42ea85c8f0ce564a9746,-0.03242260471572953,-0.01139112967264198,0.01139112967264198
nwsl::Football_Player::c1760c43c4464a9fa620e630b2e55842,-0.03246047230214761,-0.00914047661861209,0.00914047661861209
nwsl::Football_Player::137ddc3c3af240c994cfb14956f39872,-0.032619491903165904,-0.017643162864184138,0.017643162864184138
nwsl::Football_Player::36b39ad2f2ba41e5afba3d9e006b413f,-0.03311167570664452,-0.015394526052493682,0.015394526052493682
nwsl::Football_Player::16cdad396ff94e7e8174cb37ad24f4c1,-0.03320085807392748,-0.012713843878832825,0.012713843878832825
nwsl::Football_Player::514d945291b44c78adaabb4dfbf7ba03,-0.03327660292587602,-0.010052299428468244,0.010052299428468244
nwsl::Football_Player::c9e1f316ddb24fa680b4806d95e707c6,-0.03368103901411104,-0.015964201383781157,0.015964201383781157
nwsl::Football_Player::4a2f22e74e874b8bbdf2f73dec08a844,-0.034130727196985546,-0.011228267800772431,0.011228267800772431
nwsl::Football_Player::d48ecbd1e5b54125a1199c9f748fa1d3,-0.03420448378779664,-0.014416052583277385,0.014416052583277385
nwsl::Football_Player::22f45241df0547e691e8ba6db03aaf7c,-0.03453671109948055,-0.007964959892215063,0.007964959892215063
nwsl::Football_Player::fa5ea5a9ad7d4694b932641bbe257de1,-0.03481272207580838,-0.015645404525052243,0.015645404525052243
nwsl::Football_Player::3b960ea4fb40463695905d6c8a07383e,-0.0350064826565255,-0.015012955104105394,0.015012955104105394
nwsl::Football_Player::51a8e15389164893bf60ce9d5550796c,-0.03704656579239794,-0.012202693698201978,0.012202693698201978
nwsl::Football_Player::b5447fcc30e6483b9b81e2d3cd9e3749,-0.03723995111770766,-0.019869797564184864,0.019869797564184864
nwsl::Football_Player::355380d7c8ac4d0d817699ab64256714,-0.03864359161183108,-0.010795978352380782,0.010795978352380782
nwsl::Football_Player::15908c182dd94c57ae45736055f42e68,-0.03875587368417289,-0.012600616901736708,0.012600616901736708
nwsl::Football_Player::d7d29fcbb1374eb4bda584df8d928547,-0.03912818664597886,-0.015943036771395802,0.015943036771395802
nwsl::Football_Player::df60b4341c11492ab396c85a121dd302,-0.03915334202431107,-0.015997055718726484,0.015997055718726484
nwsl::Football_Player::b8fb5ce847ca49b2a581724e284dfd10,-0.039703428284015935,-0.021780969032619526,0.021780969032619526
nwsl::Football_Player::80072c037c734d7eb4b7401b29bd575d,-0.039763071841063584,-0.008790114372050479,0.008790114372050479
nwsl::Football_Player::0d844cf67a9b44ee8e1cc0a7a9e6a0a0,-0.04164058487339903,-0.011511000216447619,0.011511000216447619
nwsl::Football_Player::aca824486f9b4663bf4118794d4719c8,-0.04191049291245044,-0.013000623434340148,0.013000623434340148
nwsl::Football_Player::dc3910a88592482d933542fb999e21fe,-0.04197545658473106,-0.009482200088211906,0.009482200088211906
nwsl::Football_Player::cfe14710edf54a02806026e010c8c0cf,-0.042434724262062504,-0.020126630675310637,0.020126630675310637
nwsl::Football_Player::d576555bc98d477a9c831e65e16f7626,-0.04300277443002011,-0.021147651193394526,0.021147651193394526
nwsl::Football_Player::d23d7e4bff8f4282b946c478b857105c,-0.04340420812751822,-0.01252325186524978,0.01252325186524978
nwsl::Football_Player::e9e4589be89b4dc4a5da3df021cffc4b,-0.04378937570537458,-0.010822408845764067,0.010822408845764067
nwsl::Football_Player::94de57f74c554630b9abe7bc1bd588f9,-0.04396566085573603,-0.01256787752631851,0.01256787752631851
nwsl::Football_Player::6f8212aec8f14cdbbd061c7129d3dc20,-0.04428245859173274,-0.019310216125234227,0.019310216125234227
nwsl::Football_Player::dd552139607f4e219cab7864188eef47,-0.04463816465682213,-0.014652701803885232,0.014652701803885232
nwsl::Football_Player::8860c67ac5c4405784acd0fccddc6ace,-0.04578356923559293,-0.012567914179720686,0.012567914179720686
nwsl::Football_Player::8e4ef1a9758b4eea8d00aa2fd5abc101,-0.04591052214966212,-0.023836779485133595,0.023836779485133595
nwsl::Football_Player::2072dda1891b4686bcb4444811bb1a45,-0.046665618703990594,-0.011248309021338516,0.011248309021338516
nwsl::Football_Player::ad338528a3ad42769bc70668109da114,-0.0472713570751942,-0.01418181701801135,0.01418181701801135
nwsl::Football_Player::fb71a19cd7524e63bdb58f0686fbd97e,-0.04757999691766617,-0.030450311738026366,0.030450311738026366
nwsl::Football_Player::2e67f16c924649e9b5584a1a25552589,-0.05003143188855759,-0.01651854967671273,0.01651854967671273
nwsl::Football_Player::0faee2ad9e40492cbb9336bcbf79d651,-0.05425532887242379,-0.007894852134407479,0.007894852134407479
nwsl::Football_Player::4b281c71242c4738abb687a332286be0,-0.05453193221395812,-0.01696194288111202,0.01696194288111202
nwsl::Football_Player::6f1a3b3b9e0447f0aaffa25a360d29ee,-0.05571922601174236,-0.021619218904276313,0.021619218904276313
nwsl::Football_Player::28ce5cac9ab94671b346c10e85b9d9b5,-0.05587215114051304,-0.01556509010066341,0.01556509010066341
nwsl::Football_Player::96199c0cfb7245f6b6460174fb25883b,-0.056637768511783836,-0.010887263362703802,0.010887263362703802
nwsl::Football_Player::f707ff55f8104c069f1cae572925ef4a,-0.05722755640454276,-0.016751349324831227,0.016751349324831227
nwsl::Football_Player::10da6024c1af4c84bf37b25a641f0866,-0.05810040370508618,-0.012662129716305866,0.012662129716305866
nwsl::Football_Player::0bb3c16212754939b111d70c83644b8e,-0.05872350367712169,-0.027325111211236618,0.027325111211236618
nwsl::Football_Player::336dc7bf1e5642c1a7a4a9fd8973f2a9,-0.060491044053182653,-0.030081571667722178,0.030081571667722178
nwsl::Football_Player::0953a675c64f45529f01d7a21eadc22a,-0.061794922532174085,-0.022978780453829332,0.022978780453829332
nwsl::Football_Player::7cf959e060cf44b9afda98c1b3c893d9,-0.06218073426822515,-0.020178598290879254,0.020178598290879254
nwsl::Football_Player::8772001989134074a48629a1110d6b62,-0.06367678044365756,-0.026027339702152902,0.026027339702152902
nwsl::Football_Player::ebfc177248a54a0e972527b41871071e,-0.06475606205001774,-0.01946497639931676,0.01946497639931676
nwsl::Football_Player::3a05f90ee4774e9e9cc460fef290f3c4,-0.06585309549084611,-0.024581097945411898,0.024581097945411898
nwsl::Football_Player::ba1bdfe55b8646738100a1f9c8b69e0d,-0.0662780780814624,-0.013150195498606227,0.013150195498606227
nwsl::Football_Player::10b990f3432f4383891922232cca020a,-0.06800060983373182,-0.02918634139001094,0.02918634139001094
nwsl::Football_Player::9e98c713a7154c928697e3cf043fec63,-0.06890221013628924,-0.027250951298230876,0.027250951298230876
nwsl::Football_Player::72c994fd6bc3415a818f19aed4abf9a6,-0.06983602173362703,-0.02298649103868008,0.02298649103868008
nwsl::Football_Player::23ad319baa72463cbb6e646de021b507,-0.07083230339056042,-0.019103570434978713,0.019103570434978713
nwsl::Football_Player::86e61d5213214742a5388b2df18ecbe1,-0.0709062999223581,-0.012275759212421671,0.012275759212421671
nwsl::Football_Player::c0076f9d59514192ab6a1107bfc8493a,-0.07146082077423792,-0.023057931150339873,0.023057931150339873
nwsl::Football_Player::4bd84fd5cceb4538a556a4b9eb250841,-0.07315325568502137,-0.028288158063562517,0.028288158063562517
nwsl::Football_Player::badbf997458d485caabfecfba5bb76f1,-0.07335810584151757,-0.03343610857030034,0.03343610857030034
nwsl::Football_Player::f9e929bd0d8944df84529c5f31696413,-0.07439151239106581,-0.03222505055067858,0.03222505055067858
nwsl::Football_Player::f225dce81f0f4e28ae0ba7e09bb1e601,-0.07467476567076407,-0.016589862600001504,0.016589862600001504
nwsl::Football_Player::fdc322f486b94e3a9043aee47c3daf93,-0.07552593784841773,-0.018411861025498587,0.018411861025498587
nwsl::Football_Player::7b95e77ca5184ed39abbd7481af81fee,-0.07682421178681802,-0.023365860958593183,0.023365860958593183
nwsl::Football_Player::4ad3b3ad9d90407181d76c98bb47e17a,-0.07785126475487737,-0.032822934124345074,0.032822934124345074
nwsl::Football_Player::154f6fabca234dccbdd62b2b2d5e7e08,-0.07815542020456605,-0.026144826685050672,0.026144826685050672
nwsl::Football_Player::676004a629cb4668972a79f81ed48f2f,-0.07988953982985703,-0.03945608782228573,0.03945608782228573
nwsl::Football_Player::37c762eb698644fa88b9cb94cf4f0940,-0.08053997108025263,-0.03461730472893875,0.03461730472893875
nwsl::Football_Player::ca64614f15f447ffbad8df1731cf8af9,-0.08100140303977749,-0.030901386804360657,0.030901386804360657
nwsl::Football_Player::d07feb8cd7c94d03b741e2326515241f,-0.08107523266201173,-0.024327386799044868,0.024327386799044868
nwsl::Football_Player::dd0a7a6f7ee5446e9ef8c0a20ed56e97,-0.08343978838535918,-0.03448766696963272,0.03448766696963272
nwsl::Football_Player::5c44cea6a05540639a949344419fa194,-0.08490529848380245,-0.023569330668197056,0.023569330668197056
nwsl::Football_Player::920f2b3f71554778a0f38f3ada7405ad,-0.0855506264276533,-0.04457427656222985,0.04457427656222985
nwsl::Football_Player::7e3b0553c64647e08f67a506671f83e0,-0.08794423930189958,-0.03377413469366923,0.03377413469366923
nwsl::Football_Player::45bf406d7ed24ab3bb75e6e7ead8721c,-0.09165791539018722,-0.03553088198059135,0.03553088198059135
nwsl::Football_Player::f961e0cf2d5b4f44933a01d3e26748f6,-0.09423141291699466,-0.031870155138175094,0.031870155138175094
nwsl::Football_Player::aa3fb0629ef8427fbe4ec8242a5d8865,-0.09458768390017853,-0.028914756872490472,0.028914756872490472
nwsl::Football_Player::fe7346f5616c46bb935320ed272de297,-0.0977539767578852,-0.03317084537118594,0.03317084537118594
nwsl::Football_Player::cddba4af4e31494b91caeeb135909281,-0.09864184597102368,-0.03093679712867057,0.03093679712867057
nwsl::Football_Player::72af8c4018b84dad9a4148ff1f920398,-0.10179449882506605,-0.04746940026992153,0.04746940026992153
nwsl::Football_Player::291911cc9bee4a458a8ae94f9b2a9c97,-0.11822588093003132,-0.028966973364499438,0.028966973364499438
nwsl::Football_Player::41a5277f439b4063aa41d7f902111d8a,-0.12643190543991314,-0.04842547013617902,0.04842547013617902
nwsl::Football_Player::0fd2f43637c941a58f9944a3f2649538,-0.12944673302894283,-0.05415837881315833,0.05415837881315833
nwsl::Football_Player::302019e51dc048ab8fba8c2e3bb54dd1,-0.12964257903581514,-0.04100540565831498,0.04100540565831498
nwsl::Football_Player::09140d97bf314b7193afa990b5f36308,-0.12971919978287996,-0.05902847954725313,0.05902847954725313
nwsl::Football_Player::13f55375d4344a56ab4ae19e39d9342d,-0.14080441336681107,-0.05855023055494599,0.05855023055494599
